filename,status,disposition,actual_url,source_page,request_url,activity,chapter,slot,requested_role,shot_wanted,notes,width,height,bytes
elrow-01.jpg,downloaded,selected,https://unvrs.b-cdn.net/images/update/20250607_UNVRS_ElRow_Opening_0023_2048x1365px-1749833576.jpg,https://www.unvrs.com/es/actualizaciones/elrow-2-0-is-born-an-odyssey-of-music-art-and-fantasy-takes-off-at-unvrs-19534,https://elrow.com/,elrow Nowmads,Nights that go loud,1,hero · official,the signature wide shot,UNVRS editorial gallery of elrow's 2025 Nowmads launch; clean current-theme establishing shot used as representative imagery because the announced Dubai 2026 event has not yet occurred.,2000,1333,1286103
elrow-02.jpg,downloaded,selected,https://unvrs.b-cdn.net/images/update/20250607_UNVRS_ElRow_Opening_0080_2048x1365px-1749833578.jpg,https://www.unvrs.com/es/actualizaciones/elrow-2-0-is-born-an-odyssey-of-music-art-and-fantasy-takes-off-at-unvrs-19534,https://elrow.com/,elrow Nowmads,Nights that go loud,2,carousel · official,"a second angle — interior, or the thing itself close up",UNVRS editorial gallery; clean close-up of a costumed Nowmads performer with no edition badge or watermark.,1599,2000,883612
elrow-03.jpg,downloaded,selected,https://unvrs.b-cdn.net/images/update/20250607_UNVRS_ElRow_Opening_0027_2048x1365px-1749833575.jpg,https://www.unvrs.com/es/actualizaciones/elrow-2-0-is-born-an-odyssey-of-music-art-and-fantasy-takes-off-at-unvrs-19534,https://www.tripadvisor.com/Search?q=elrow%20Nowmads%20Media%20City%20Amphitheatre,elrow Nowmads,Nights that go loud,3,carousel · candid,"a real visitor photo — people in frame, imperfect light",UNVRS editorial gallery; clean full-room Nowmads view showing the stage scale and crowd.,2000,1334,1279843
elrow-04.jpg,downloaded,selected,https://unvrs.b-cdn.net/images/update/20250607_UNVRS_ElRow_Opening_0041_2048x1365px-1749833357.jpg,https://www.unvrs.com/es/actualizaciones/elrow-2-0-is-born-an-odyssey-of-music-art-and-fantasy-takes-off-at-unvrs-19534,https://www.instagram.com/explore/tags/elrownowmads,elrow Nowmads,Nights that go loud,4,carousel · candid,"something from the venue's own Instagram, or a tagged post",UNVRS editorial gallery rather than social media; clean confetti-and-crowd Nowmads moment.,2000,1334,1798435
elrow-05.jpg,downloaded,selected,https://unvrs.b-cdn.net/images/update/20250607_UNVRS_ElRow_Opening_0066_2048x1365px-1749833579.jpg,https://www.unvrs.com/es/actualizaciones/elrow-2-0-is-born-an-odyssey-of-music-art-and-fantasy-takes-off-at-unvrs-19534,https://www.google.com/search?tbm=isch&q=elrow%20Nowmads%20Media%20City%20Amphitheatre%20photos,elrow Nowmads,Nights that go loud,5,carousel · any,whatever else is genuinely good,UNVRS editorial gallery; clean closer stage view with the Nowmads portal and performers.,2000,1333,1101824
carlcox-01.jpg,downloaded,selected,https://cdn.prod.website-files.com/690c7c86252ecd9e547f45de/6a34dae0dcd860cf218eaf9f_Carl%20Cox%20Five%20Luxe%20v2-38.avif,https://www.pachaicons.com/about-us,https://luxejbr.fivehotelsandresorts.com/experience-five/,Carl Cox at Playa Pacha,Nights that go loud,1,hero · official,the signature wide shot,Official Pacha ICONS photograph explicitly named for Carl Cox at FIVE LUXE; clean wide crowd and stage frame.,2000,1333,445875
carlcox-02.jpg,downloaded,selected,https://images.squarespace-cdn.com/content/v1/6694c2db2145ed3febe82fff/1761756098804-FEL6NNRJOAE4EY8CN2SQ/Screenshot+2025-10-29+at+17.40.58.png,https://www.numeronetherlands.com/events/carl-cox-brings-the-beat-to-playa-pacha-dubai,https://luxejbr.fivehotelsandresorts.com/experience-five/,Carl Cox at Playa Pacha,Nights that go loud,2,carousel · official,"a second angle — interior, or the thing itself close up",Editorial event report; close clean photograph of Carl Cox at the Playa Pacha decks.,2000,1343,444824
carlcox-03.jpg,downloaded,selected,https://images.squarespace-cdn.com/content/v1/6694c2db2145ed3febe82fff/1761756098736-U1SQCHZGCQCGI4UNLZMM/Screenshot+2025-10-29+at+17.41.21.png,https://www.numeronetherlands.com/events/carl-cox-brings-the-beat-to-playa-pacha-dubai,https://www.tripadvisor.com/Search?q=Carl%20Cox%20at%20Playa%20Pacha%20FIVE%20LUXE%2C%20JBR,Carl Cox at Playa Pacha,Nights that go loud,3,carousel · candid,"a real visitor photo — people in frame, imperfect light",Editorial event report; candid close performance angle with the surrounding crowd.,2000,1311,469710
carlcox-04.jpg,downloaded,selected,https://images.squarespace-cdn.com/content/v1/6694c2db2145ed3febe82fff/80ea4438-9049-4de9-8435-30c3ddf7f3e1/Screenshot+2025-10-29+at+17.39.36.png,https://www.numeronetherlands.com/events/carl-cox-brings-the-beat-to-playa-pacha-dubai,https://www.instagram.com/explore/tags/carlcoxatplayapacha,Carl Cox at Playa Pacha,Nights that go loud,4,carousel · candid,"something from the venue's own Instagram, or a tagged post",Editorial event report used instead of social media; behind-the-DJ crowd view.,2000,1343,427409
sonnyfodera-01.jpg,downloaded,selected,https://cdn.prod.website-files.com/690c7c86252ecd9e547f45de/69385ccd15f150ddb648dddf_WhatsApp%20Image%202025-12-09%20at%2019.17.19.avif,https://www.pachaicons.com/dubai/events/210326-sonny-fodera-playa-pacha,https://www.ticketmaster.ae/venue/pacha-icons-five-luxe-jbr-dubai-tickets/lux/805,Sonny Fodera,Nights that go loud,1,hero · official,the signature wide shot,Official Sonny Fodera event page gallery; clean wide Playa Pacha night venue frame. Event is future so venue context substitutes for an impossible exact-event photograph.,1600,1066,201221
sonnyfodera-02.jpg,downloaded,selected,https://dv7zfk0hwmxgu.cloudfront.net/sites/default/files/styles/auto_1500_width/public/promoter-images/142651/slideshow-1784756331_0.jpg,https://www.ibiza-spotlight.com/night/promoters/sonny-fodera,https://www.ticketmaster.ae/venue/pacha-icons-five-luxe-jbr-dubai-tickets/lux/805,Sonny Fodera,Nights that go loud,2,carousel · official,"a second angle — interior, or the thing itself close up",Exact artist performing at Pacha Ibiza; clean close performance angle used because the Dubai date has not yet occurred.,1500,1000,204604
sonnyfodera-03.jpg,downloaded,selected,https://dv7zfk0hwmxgu.cloudfront.net/sites/default/files/styles/auto_1500_width/public/promoter-images/142651/slideshow-1752077820_0.jpg,https://www.ibiza-spotlight.com/night/promoters/sonny-fodera,https://www.tripadvisor.com/Search?q=Sonny%20Fodera%20Playa%20Pacha%2C%20JBR,Sonny Fodera,Nights that go loud,3,carousel · candid,"a real visitor photo — people in frame, imperfect light",Exact artist behind the decks with the Pacha Ibiza crowd; location caveat recorded because the future Dubai event has no candid imagery.,1500,1000,220611
adamport-01.jpg,downloaded,selected,https://cdn.prod.website-files.com/690c7c86252ecd9e547f45de/69385ce60c7e64e4a323a226_WhatsApp%20Image%202025-12-09%20at%2018.59.05.avif,https://www.pachaicons.com/dubai/events/311026-adam-port-pacha-icons,https://www.ticketmaster.ae/venue/pacha-icons-five-luxe-jbr-dubai-tickets/lux/805,Adam Port,Nights that go loud,1,hero · official,the signature wide shot,"Official current event page gallery; overhead Playa Pacha crowd and stage. The Dubai date is October 31, 2026, so this is prior Pacha ICONS venue context rather than an impossible exact-event photograph.",1600,882,270150
adamport-02.jpg,downloaded,selected,https://cdn.prod.website-files.com/690c7c86252ecd9e547f45de/693bd1b619846ff46ddd3e42_WhatsApp%20Image%202025-12-12%20at%2012.01.37.avif,https://www.pachaicons.com/dubai/events/311026-adam-port-pacha-icons,https://www.ticketmaster.ae/venue/pacha-icons-five-luxe-jbr-dubai-tickets/lux/805,Adam Port,Nights that go loud,2,carousel · official,"a second angle — interior, or the thing itself close up","Official current event page gallery; close DJ-at-the-decks angle. The Dubai date is in the future, so the page's prior Pacha ICONS imagery supplies attributable artist-and-venue context.",800,533,74122
adamport-03.jpg,downloaded,selected,https://cdn.prod.website-files.com/690c7c86252ecd9e547f45de/69385ce68102a0cc4960b434_WhatsApp%20Image%202025-12-09%20at%2018.54.57%20%281%29.avif,https://www.pachaicons.com/dubai/events/311026-adam-port-pacha-icons,https://www.tripadvisor.com/Search?q=Adam%20Port%20FIVE%20LUXE%2C%20JBR,Adam Port,Nights that go loud,3,carousel · candid,"a real visitor photo — people in frame, imperfect light",Official current event page gallery; candid crowd scene with Dubai skyline context. Used as prior-season context because the October 2026 event has not happened.,1600,1066,262169
untold-01.jpg,downloaded,selected,https://untold-universe-public-resources-prod.s3.eu-west-1.amazonaws.com/d6187942-428a-41f9-8d08-dba242380fe3/ecb7ddc6-acfa-48e8-8926-80dbeb99ce97.png,https://www.untold.ae/,https://www.untold.ae/,UNTOLD Dubai,Nights that go loud,1,hero · official,the signature wide shot,Official UNTOLD Dubai site asset; wide main-stage view with crowd and pyrotechnics.,890,330,97671
untold-02.jpg,downloaded,selected,https://untold-universe-public-resources-prod.s3.eu-west-1.amazonaws.com/d6187942-428a-41f9-8d08-dba242380fe3/d89c728d-a2fd-4a45-9966-e7b96cc19588.png,https://www.untold.ae/,https://www.untold.ae/,UNTOLD Dubai,Nights that go loud,2,carousel · official,"a second angle — interior, or the thing itself close up",Official UNTOLD Dubai site asset; blue-lit arena overview.,1010,400,145453
untold-03.jpg,downloaded,selected,https://untold-universe-public-resources-prod.s3.eu-west-1.amazonaws.com/92124388-a346-486a-ac79-0aa108f1cb9b/e5f5270f-f3ce-43b8-8140-50ef13e29a82.png,https://www.untold.ae/,https://www.tripadvisor.com/Search?q=UNTOLD%20Dubai%20Dubai%20Parks%20%26%20Resorts,UNTOLD Dubai,Nights that go loud,3,carousel · candid,"a real visitor photo — people in frame, imperfect light",Official UNTOLD Dubai site asset; dense blue-lit crowd close-up.,890,330,95820
untold-04.jpg,downloaded,selected,https://untold-universe-public-resources-prod.s3.eu-west-1.amazonaws.com/d6187942-428a-41f9-8d08-dba242380fe3/e2ecad92-b1ca-4296-9b89-24c982969603.png,https://www.untold.ae/,https://www.instagram.com/explore/tags/untolddubai,UNTOLD Dubai,Nights that go loud,4,carousel · candid,"something from the venue's own Instagram, or a tagged post",Official event site used instead of Instagram; attendee framed in falling confetti.,1010,400,124006
untold-05.jpg,downloaded,selected,https://untold-universe-public-resources-prod.s3.eu-west-1.amazonaws.com/d6187942-428a-41f9-8d08-dba242380fe3/6db3df62-d9a3-432a-a611-fbe5a1dfac8e.png,https://www.untold.ae/,https://www.google.com/search?tbm=isch&q=UNTOLD%20Dubai%20Dubai%20Parks%20%26%20Resorts%20photos,UNTOLD Dubai,Nights that go loud,5,carousel · any,whatever else is genuinely good,Official UNTOLD Dubai site asset; red-lit panoramic stage and crowd.,1010,400,154654
atb-01.jpg,downloaded,selected,https://gigxels.com/storage/photos/marian-sarau/atb-cluj-napoca-august-2022-b0a8f7df7e.jpg,https://gigxels.com/photo/atb-Cluj-Napoca-august-2022-b0a8f7df7e,https://dubai.platinumlist.net/event-tickets/105150/the-legends-of-trans-atb,"ATB, Solarstone & Steve Allen",Nights that go loud,1,hero · official,the signature wide shot,"Exact artist performing before a festival crowd; freely downloadable photograph by Marian Sarau, Cluj-Napoca, August 2022. The Dubai show is future-dated, so this is clearly labeled artist context rather than the exact event.",1620,1080,341389
atb-02.jpg,downloaded,selected,https://static.wixstatic.com/media/04d92f_f9519a3c812542609d95cf4872ad6d04f000.jpg,https://www.theagenda.com/,https://dubai.platinumlist.net/event-tickets/105150/the-legends-of-trans-atb,"ATB, Solarstone & Steve Allen",Nights that go loud,2,carousel · official,"a second angle — interior, or the thing itself close up",Official Agenda venue homepage photograph; exact Dubai venue audience and lighting context for the future Legends of Trance show.,1920,1080,251899
atb-03.jpg,not_found,defer_until_event,,,https://www.tripadvisor.com/Search?q=ATB%2C%20Solarstone%20%26%20Steve%20Allen%20The%20Agenda%2C%20Media%20City,"ATB, Solarstone & Steve Allen",Nights that go loud,3,carousel · candid,"a real visitor photo — people in frame, imperfect light","No exact-event candid exists because the show has not happened; the official event page offers only a promotional poster, so no misleading third photograph was added.",,,
oakenfold-01.jpg,downloaded,selected,https://pauloakenfold.com/static/images/paul.jpg,https://pauloakenfold.com/about/,https://dubai.platinumlist.net/event-tickets/105326/the-legends-of-trans-paul-oakenfold,Paul Oakenfold & Markus Schulz,Nights that go loud,1,hero · official,the signature wide shot,"Official Paul Oakenfold portrait from the artist's About page. The Dubai show is future-dated, so exact-artist context replaces an impossible event photograph.",1532,982,241232
oakenfold-02.jpg,downloaded,selected,https://www.markusschulz.com/markus-hero-2026.jpg,https://www.markusschulz.com/,https://dubai.platinumlist.net/event-tickets/105326/the-legends-of-trans-paul-oakenfold,Paul Oakenfold & Markus Schulz,Nights that go loud,2,carousel · official,"a second angle — interior, or the thing itself close up",Official current Markus Schulz hero photograph; deliberately cropped from the normalized 2000×1295 download at x=900 y=0 to 1000×500 so his full head and face survive the site's centered wide crop.,1000,500,87394
oakenfold-03.jpg,downloaded,selected,https://static.wixstatic.com/media/04d92f_18f9f93549cc47438d9d7feaef68c63c~mv2.jpeg,https://www.theagenda.com/services,https://www.tripadvisor.com/Search?q=Paul%20Oakenfold%20%26%20Markus%20Schulz%20The%20Agenda%2C%20Media%20City,Paul Oakenfold & Markus Schulz,Nights that go loud,3,carousel · candid,"a real visitor photo — people in frame, imperfect light","Official The Agenda recent-show gallery still; representative live venue/crowd context only. The September 18, 2026 Oakenfold/Schulz/Durand show has not occurred, so this is not an event candid; editorially cropped to a wide 2.68:1 frame.",2000,745,297263
lostfreq-01.jpg,downloaded,selected,https://cdn.prod.website-files.com/66def720cb1cd7754082b7ab/689b03aaf254cc8ed01355ef_DSC09981-Enhanced-NR.avif,https://www.bohemiadubai.com/events/bohemia-presents-lost-frequencies-season-opening-party-03102026,https://palmjumeirah.fivehotelsandresorts.com/,Lost Frequencies at Bohemia,Nights that go loud,1,hero · official,the signature wide shot,"Official current event-page gallery; dramatic wide Bohemia crowd and stage. The October 3, 2026 event is future-dated, so the page's prior-season gallery supplies exact-venue context.",2000,1333,355866
lostfreq-02.jpg,downloaded,selected,https://cdn.prod.website-files.com/66def720cb1cd7754082b7ab/689b0396aad876013ae683a6_PH_SAM_4.avif,https://www.bohemiadubai.com/events/bohemia-presents-lost-frequencies-season-opening-party-03102026,https://palmjumeirah.fivehotelsandresorts.com/,Lost Frequencies at Bohemia,Nights that go loud,2,carousel · official,"a second angle — interior, or the thing itself close up",Official current event-page gallery; close DJ-at-the-decks action. Used as attributable prior-season Bohemia context because the listed event has not happened.,1336,2000,409543
lostfreq-03.jpg,downloaded,selected,https://cdn.prod.website-files.com/66def720cb1cd7754082b7ab/689b03c875775212a9158e51_DSC09736.avif,https://www.bohemiadubai.com/events/bohemia-presents-lost-frequencies-season-opening-party-03102026,https://www.tripadvisor.com/Search?q=Lost%20Frequencies%20at%20Bohemia%20FIVE%20Palm%20Jumeirah,Lost Frequencies at Bohemia,Nights that go loud,3,carousel · candid,"a real visitor photo — people in frame, imperfect light",Official current event-page gallery; candid packed crowd beneath Bohemia's canopy. Explicitly prior-season venue context for the future event.,2000,1333,249125
inthepark-01.jpg,downloaded,selected,https://images.squarespace-cdn.com/content/v1/6570938032b81d2f69eb1704/a655d485-1e4d-4045-b0f9-a945efaa254b/R5106791-Enhanced-NR+%281%29.jpg,https://inthepark.ae/,https://dubai.platinumlist.net/event-tickets/pub-in-the-park,In the Park,Nights that go loud,1,hero · official,the signature wide shot,"Official current event site gallery; enormous audience photographed from the main stage. The October 2026 date is in the future, so this is clearly prior-edition context.",2000,1334,483600
inthepark-02.jpg,downloaded,selected,https://images.squarespace-cdn.com/content/v1/6570938032b81d2f69eb1704/1514d17a-29c3-4764-847f-3c309f76b247/R5106016-Enhanced-NR+%281%29.jpg,https://inthepark.ae/,https://dubai.platinumlist.net/event-tickets/pub-in-the-park,In the Park,Nights that go loud,2,carousel · official,"a second angle — interior, or the thing itself close up",Official current event site gallery; full band performing on the In the Park stage. Used as prior-edition context for the future 2026 date.,2000,1334,426075
inthepark-03.jpg,downloaded,selected,https://images.squarespace-cdn.com/content/v1/6570938032b81d2f69eb1704/81a84c06-2e3a-4917-8fa9-a714c138db77/R5105826-Enhanced-NR+%281%29.jpg,https://inthepark.ae/,https://www.tripadvisor.com/Search?q=In%20the%20Park%20Media%20City%20Amphitheatre,In the Park,Nights that go loud,3,carousel · candid,"a real visitor photo — people in frame, imperfect light",Official current event site gallery; joyful daylight attendee candid with bubbles. Used as prior-edition context because the October 2026 event has not happened.,2000,1334,352841
stardom-01.jpg,downloaded,selected,https://xclusiveyachts.com/photo/gallery/photo-moments/superyacht-tours/webp/12.webp,https://xclusiveyachts.com/super-yacht-experience-dubai-tour//1000/,https://xclusiveyachts.com/yacht-party-dubai/,STARDOM Nightfall,Nights that go loud,1,hero · official,the signature wide shot,Official current experience gallery; STARDOM superyacht illuminated purple at night in Dubai Marina.,900,600,70968
stardom-02.jpg,downloaded,selected,https://xclusiveyachts.com/photo/gallery/photo-moments/superyacht-tours/webp/2.webp,https://xclusiveyachts.com/super-yacht-experience-dubai-tour//1000/,https://xclusiveyachts.com/yacht-party-dubai/,STARDOM Nightfall,Nights that go loud,2,carousel · official,"a second angle — interior, or the thing itself close up",Official current experience gallery; distinct exterior angle of the yacht beside Ain Dubai at twilight.,900,600,78625
stardom-03.jpg,downloaded,selected,https://xclusiveyachts.com/photo/gallery/photo-moments/superyacht-tours/webp/15.webp,https://xclusiveyachts.com/super-yacht-experience-dubai-tour//1000/,https://www.tripadvisor.com/Search?q=STARDOM%20Nightfall%20Dubai%20Marina,STARDOM Nightfall,Nights that go loud,3,carousel · candid,"a real visitor photo — people in frame, imperfect light",Official current experience gallery; guests socializing beside the live DJ on the night cruise.,900,600,92771
stardom-04.jpg,downloaded,selected,https://xclusiveyachts.com/photo/gallery/photo-moments/superyacht-tours/webp/20.webp,https://xclusiveyachts.com/super-yacht-experience-dubai-tour//1000/,https://www.instagram.com/explore/tags/stardomnightfall,STARDOM Nightfall,Nights that go loud,4,carousel · candid,"something from the venue's own Instagram, or a tagged post",Official experience gallery used instead of social media; candid deck gathering with the Dubai skyline in view.,900,600,123201
sohogarden-01.jpg,downloaded,selected,https://sohogardendxb.com/wp-content/uploads/2024/01/DSC01773.webp,https://sohogardendxb.com/discover-dubai/new-soho-garden/,https://sohogardendxb.com/,"Soho Garden, HIVE and CODE",Nights that go loud,1,hero · official,the signature wide shot,"Exact official establishing view of the packed New Soho Garden terrace at night, with guests, lush walls, and the venue's circular lighting overhead.",1920,1280,470358
sohogarden-02.jpg,downloaded,selected,https://sohogardendxb.com/wp-content/uploads/2024/01/DSC00412.webp,https://sohogardendxb.com/discover-dubai/hive/,https://sohogardendxb.com/,"Soho Garden, HIVE and CODE",Nights that go loud,2,carousel · official,"a second angle — interior, or the thing itself close up","Exact official HIVE mega-club view with a dense crowd, amber beams, and the hive-inspired hanging sculpture.",1920,1280,353452
sohogarden-03.jpg,downloaded,selected,https://sohogardendxb.com/wp-content/uploads/2024/01/CODE-VPS-25.webp,https://sohogardendxb.com/discover-dubai/code/,https://www.tripadvisor.com/Search?q=Soho%20Garden%2C%20HIVE%20and%20CODE%20Meydan,"Soho Garden, HIVE and CODE",Nights that go loud,3,carousel · candid,"a real visitor photo — people in frame, imperfect light",Exact official crowd-level view inside CODE DXB beneath its blue geometric LED ceiling; this people-filled frame satisfies the requested candid context.,1920,1280,378104
ushuaia-01.jpg,downloaded,selected,https://image.mux.com/oSGZbft6UYFSGyQ1t9fqUjE1EqLgLbi1KNaaXzRDQOw/thumbnail.jpg?time=12&width=2000,https://www.ushuaiadubai.com/,https://theushuaiaexperience.com/,Ushuaïa Dubai Harbour,Nights that go loud,1,hero · official,the signature wide shot,"Exact frame from the current official homepage hero video, showing the Ushuaïa stage, crowd, and pyrotechnics in a crop-safe wide composition.",2000,1125,222423
ushuaia-02.jpg,downloaded,selected,https://image.mux.com/oSGZbft6UYFSGyQ1t9fqUjE1EqLgLbi1KNaaXzRDQOw/thumbnail.jpg?time=20&width=2000,https://www.ushuaiadubai.com/,https://theushuaiaexperience.com/,Ushuaïa Dubai Harbour,Nights that go loud,2,carousel · official,"a second angle — interior, or the thing itself close up","Exact distinct frame from the current official homepage hero video, showing the venue-wide crowd beneath the Ushuaïa emblem.",2000,1125,182841
ushuaia-03.jpg,downloaded,selected,https://image.mux.com/oSGZbft6UYFSGyQ1t9fqUjE1EqLgLbi1KNaaXzRDQOw/thumbnail.jpg?time=5&width=2000,https://www.ushuaiadubai.com/,https://www.tripadvisor.com/Search?q=Ushua%C3%AFa%20Dubai%20Harbour%20Dubai%20Harbour,Ushuaïa Dubai Harbour,Nights that go loud,3,carousel · candid,"a real visitor photo — people in frame, imperfect light",Exact candid crowd frame from the current official homepage hero video; selected as honest people-in-the-room context.,2000,1125,104964
honeycomb-01.jpg,downloaded,selected,https://cloudfront-eu-central-1.images.arcpublishing.com/thenational/OSJCBHWGCJF6ZEIQSVPYRXCFDA.jpg,https://www.thenationalnews.com/lifestyle/food/2024/05/24/honeycomb-hi-fi-dubai/,https://honeycombhifi.com/,Honeycomb Hi-Fi,Nights that go loud,1,hero · official,the signature wide shot,The National feature image supplied by Honeycomb Hi-Fi; exact warm listening-room interior with the Ojas sound system in view.,2000,1333,341482
honeycomb-02.jpg,downloaded,selected,https://cloudfront-eu-central-1.images.arcpublishing.com/thenational/GH2RXN4WJJCA3KPRWMKEC5PUKU.jpg,https://www.thenationalnews.com/lifestyle/food/2024/05/24/honeycomb-hi-fi-dubai/,https://honeycombhifi.com/,Honeycomb Hi-Fi,Nights that go loud,2,carousel · official,"a second angle — interior, or the thing itself close up",The National feature image supplied by the venue; a distinct close view across Honeycomb's timber-and-tile bar.,1429,2000,399799
honeycomb-03.jpg,downloaded,selected,https://cloudfront-eu-central-1.images.arcpublishing.com/thenational/LNY2NRC4INCZVMT7SUXSZS5NVI.jpg,https://www.thenationalnews.com/lifestyle/food/2024/05/24/honeycomb-hi-fi-dubai/,https://www.tripadvisor.com/Search?q=Honeycomb%20Hi-Fi%20Pullman%20Downtown,Honeycomb Hi-Fi,Nights that go loud,3,carousel · candid,"a real visitor photo — people in frame, imperfect light",The National feature photograph; a real guest browsing Honeycomb's vinyl storefront and library.,2000,1428,427425
honeycomb-04.jpg,downloaded,selected,https://cloudfront-eu-central-1.images.arcpublishing.com/thenational/4GRKJE6QBFAGLAYG5JAJ7T72CY.jpg,https://www.thenationalnews.com/lifestyle/food/2024/05/24/honeycomb-hi-fi-dubai/,https://www.instagram.com/honeycombhifi/,Honeycomb Hi-Fi,Nights that go loud,4,carousel · candid,"something from the venue's own Instagram, or a tagged post",The National portrait of co-owner Varun Khemaney inside the exact venue; deliberately cropped from the normalized 2000×1333 download at x=250 y=0 to 1100×550 so his full head and face survive the site's centered wide crop.,1100,550,174417
rooftops-01.jpg,downloaded,selected,https://cdn.prod.website-files.com/6710f615b852284eb2c54a89/6908475b6f598345e6a28aba_DSC09380-HDR-Edit%20(4).avif,https://www.thepenthouse.co/dubai/gallery,https://www.google.com/search?tbm=isch&q=Cavo%20and%20The%20Penthouse%20Dubai,Cavo and The Penthouse,Nights that go loud,1,hero · official,the signature wide shot,Exact official wide night view of The Penthouse's red terrace and Dubai Marina skyline.,2000,1333,424475
rooftops-02.jpg,downloaded,selected,https://rameehospitality.com/images/ramee-hospitality-cavo-dubai-01.webp,https://rameehotels.com/ramee-dream-dubai/dining/cavo/,https://www.google.com/search?tbm=isch&q=Cavo%20and%20The%20Penthouse%20Dubai,Cavo and The Penthouse,Nights that go loud,2,carousel · official,"a second angle — interior, or the thing itself close up","Exact official daylight view of Cavo's plant-filled restaurant and lounge, included so the combined activity represents both venues.",1220,814,303935
rooftops-03.jpg,downloaded,selected,https://cdn.prod.website-files.com/6710f615b852284eb2c54a89%2F671a365c0a6baa3a74214d13_penthouse%20%282%29-poster-00001.jpg,https://www.thepenthouse.co/dubai/gallery,https://www.tripadvisor.com/Search?q=Cavo%20and%20The%20Penthouse%20Business%20Bay%20%26%20Palm,Cavo and The Penthouse,Nights that go loud,3,carousel · candid,"a real visitor photo — people in frame, imperfect light","Exact official party still from The Penthouse's gallery video, with guests and stage effects in frame.",1280,720,38048
pawnshop-01.jpg,downloaded,selected,https://cloudfront-eu-central-1.images.arcpublishing.com/thenational/5ZR7VPASXZAFNHIMHYZSENZDQ4.JPG,https://www.thenationalnews.com/arts-culture/music/2022/05/21/electric-pawn-shop-in-pictures/,https://unsplash.com/s/photos/dark-bar-interior%2C-neon%2C-low-light,Electric Pawn Shop,Nights that go loud,1,hero · category,"dark bar interior, neon, low light",The National opening gallery image supplied by Electric Pawn Shop; exact red-lit venue corridor and bar entrance,2000,1500,437567
pawnshop-02.jpg,downloaded,selected,https://cloudfront-eu-central-1.images.arcpublishing.com/thenational/PLXCU765XRG7FKVJEVCPQJT5TA.JPG,https://www.thenationalnews.com/arts-culture/music/2022/05/21/electric-pawn-shop-in-pictures/,https://www.google.com/search?tbm=isch&q=dark%20bar%20interior%2C%20neon%2C%20low%20light%20Dubai,Electric Pawn Shop,Nights that go loud,2,carousel · category,"dark bar interior, neon, low light, Dubai if possible",The National opening gallery image supplied by the venue; exact red-lit seating area and stainless pavilion over the bar.,2000,1500,496562
pawnshop-03.jpg,added,selected,https://www.caterermiddleeast.com/cloud/2022/05/16/RP-1024x673.png,https://www.caterermiddleeast.com/cme/electric-pawn-shop-founders-believe-its-undergound-culture-will-stand-out-in-dubai,https://www.thenationalnews.com/arts-culture/music/2022/05/21/electric-pawn-shop-in-pictures/,Electric Pawn Shop,Nights that go loud,3,carousel · candid,live DJ performance with guests in frame,Caterer Middle East Electric Pawn Shop opening-period DJ/crowd photo; the source PNG's embedded carousel controls were trimmed from the top before JPEG normalization. Selected after The National's captioned DJ gallery asset proved to be an empty interior.,1024,593,159759
laperle-01.jpg,downloaded,selected,https://www.laperle.com/assets/images/default-banner.jpg,https://www.laperle.com/en/groups-events,https://laperle.com/en/,La Perle,Genuinely strange,1,hero · official,the signature wide shot,Official La Perle site photograph; clean 1600-pixel-wide stage image with the acrobatic ensemble.,1600,900,133956
laperle-02.jpg,downloaded,selected,https://res.cloudinary.com/al-habtoor-city/image/upload/v1716314609/images/staay-cation_t5ixps.jpg,https://www.alhabtoorcity.com/la-perle-staycation,https://laperle.com/en/,La Perle,Genuinely strange,2,carousel · official,"a second angle — interior, or the thing itself close up",Official Al Habtoor City campaign image; underwater aerial performer inside the La Perle theatre.,1440,810,170968
laperle-03.jpg,downloaded,selected,https://www.laperle.com/storage/app/images/banners/1760954196-About_the_Show_-_Web_B._copy.png,https://www.laperle.com/offer/about-the-show,https://www.tripadvisor.com/Search?q=La%20Perle%20Al%20Habtoor%20City,La Perle,Genuinely strange,3,carousel · candid,"a real visitor photo — people in frame, imperfect light",Official show page photograph; moonlit aqua stage and auditorium from a wide audience viewpoint.,1200,480,135467
laperle-04.jpg,downloaded,selected,https://www.laperle.com/assets/images/common-bg.png,https://www.laperle.com/en/groups-events,https://www.instagram.com/explore/tags/laperle,La Perle,Genuinely strange,4,carousel · candid,"something from the venue's own Instagram, or a tagged post",Official site used instead of social media; performer balanced high on the signature wheel apparatus.,1600,1250,202137
laperle-05.jpg,downloaded,selected,https://146414699.fs1.hubspotusercontent-eu1.net/hubfs/146414699/Imported_Blog_Media/La%20Perle%20Dubai-jpg-Oct-12-2025-09-51-40-6384-AM.jpg,https://sothebysrealty.ae/the-journal/la-perle-dubai/,https://www.google.com/search?tbm=isch&q=La%20Perle%20Al%20Habtoor%20City%20photos,La Perle,Genuinely strange,5,carousel · any,whatever else is genuinely good,Editorial feature photograph; broad cast-and-stage view gives a distinctly brighter performance angle.,1366,768,221928
teamlab-01.jpg,downloaded,selected,https://static.myconnect.ae/-/media/yasconnect/project/tlp/people/tlp-11-169f.jpg?h=1080&w=1920,https://www.teamlababudhabi.com/,https://www.teamlababudhabi.com/,teamLab Phenomena,Genuinely strange,1,hero · official,the signature wide shot,Official venue homepage; rich 1920×1080 Morphing Continuum scene with visitors amid reflective spheres.,1920,1080,523738
teamlab-02.jpg,downloaded,selected,https://static.myconnect.ae/-/media/yasconnect/project/tlp/offers/tlp-family2-169f.jpg?h=1080&w=1920,https://www.teamlababudhabi.com/,https://www.teamlababudhabi.com/,teamLab Phenomena,Genuinely strange,2,carousel · official,"a second angle — interior, or the thing itself close up",Official venue homepage asset at its landscape rendition; a family inside a warm mirrored light installation.,1920,1080,363796
teamlab-03.jpg,downloaded,selected,https://static.myconnect.ae/-/media/yasconnect/project/tlp/explore/artworks/wind-form_abudhabi_03__34.jpg,https://www.teamlababudhabi.com/en/explore/artworks,https://www.tripadvisor.com/Search?q=teamLab%20Phenomena%20Saadiyat%2C%20Abu%20Dhabi,teamLab Phenomena,Genuinely strange,3,carousel · candid,"a real visitor photo — people in frame, imperfect light",Official gallery; visitor immersed in the blue flowing Wind Form environment.,690,920,101440
teamlab-04.jpg,downloaded,selected,https://static.myconnect.ae/-/media/yasconnect/project/tlp/explore/artworks/graffiti-nature-2-34.jpg,https://www.teamlababudhabi.com/en/explore/artworks,https://www.instagram.com/explore/tags/teamlabphenomena,teamLab Phenomena,Genuinely strange,4,carousel · candid,"something from the venue's own Instagram, or a tagged post",Official gallery used instead of social media; visitor and whale inside the colorful Graffiti Nature work.,690,920,157632
teamlab-05.jpg,downloaded,selected,https://static.myconnect.ae/-/media/yasconnect/project/tlp/explore/artworks/wateregg-34.jpg,https://www.teamlababudhabi.com/en/explore/artworks,https://www.google.com/search?tbm=isch&q=teamLab%20Phenomena%20Saadiyat%2C%20Abu%20Dhabi%20photos,teamLab Phenomena,Genuinely strange,5,carousel · any,whatever else is genuinely good,Official gallery; reflective ovoid forms create a richly differentiated mirrored scene.,690,920,187106
teamlab-06.jpg,downloaded,selected,https://static.myconnect.ae/-/media/yasconnect/project/tlp/explore/artworks/floating-lamps-34.jpg,https://www.teamlababudhabi.com/en/explore/artworks,https://www.google.com/search?tbm=isch&q=teamLab%20Phenomena%20Saadiyat%2C%20Abu%20Dhabi%20photos,teamLab Phenomena,Genuinely strange,6,carousel · any,whatever else is genuinely good,Official gallery; warm floating lamps inside the interactive tea-house installation.,690,920,19491
krasota-01.jpg,downloaded,selected,https://whatson.ae/wp-content/uploads/2023/04/Collage-Maker-13-Apr-2023-11-15-AM-1727.jpg,https://whatson.ae/2023/04/dubais-new-dhs2300-per-seat-immersive-dining-experience-looks-incredible/,https://krasota.art/en/about,KRASOTA,Genuinely strange,1,hero · official,the signature wide shot,What's On opening feature; clean 1200×630 photograph of KRASOTA's circular gastro-theatre wrapped in mountain projections.,1200,630,131944
krasota-02.jpg,downloaded,selected,https://whatson.ae/wp-content/uploads/2023/04/Collage-Maker-13-Apr-2023-11-51-AM-9074.jpg,https://whatson.ae/2023/04/dubais-new-dhs2300-per-seat-immersive-dining-experience-looks-incredible/,https://krasota.art/en/about,KRASOTA,Genuinely strange,2,carousel · official,"a second angle — interior, or the thing itself close up",What's On opening gallery; diners ring the illuminated table during an ocean-projection scene.,800,533,71680
krasota-03.jpg,downloaded,selected,https://whatson.ae/wp-content/uploads/2023/04/Collage-Maker-13-Apr-2023-11-51-AM-7440.jpg,https://whatson.ae/2023/04/dubais-new-dhs2300-per-seat-immersive-dining-experience-looks-incredible/,https://www.tripadvisor.com/Search?q=KRASOTA%20Address%20Downtown,KRASOTA,Genuinely strange,3,carousel · candid,"a real visitor photo — people in frame, imperfect light",What's On opening gallery; audience silhouettes and a different figurative projection show the dinner in progress.,800,533,58425
krasota-04.jpg,downloaded,selected,https://cloudfront-eu-central-1.images.arcpublishing.com/thenational/2MHLKCQIG5BY5C4I4A4WIF2Q24.jpg,https://www.thenationalnews.com/lifestyle/food/2024/08/12/krasota-dubai-review-dinner-show/,https://www.instagram.com/explore/tags/krasota,KRASOTA,Genuinely strange,4,carousel · candid,"something from the venue's own Instagram, or a tagged post",The National review image credited to KRASOTA; later Imaginary Art programme context with guests silhouetted around the circular table.,2000,1333,514921
aya-01.jpg,downloaded,selected,https://www.aya-universe.com/images/videoFallback.png,https://www.aya-universe.com/,https://www.aya-universe.com/,AYA Universe,Genuinely strange,1,hero · official,the signature wide shot,Official AYA hero fallback; clean 1900-pixel-wide mirrored-light installation with a visitor silhouette.,1900,1074,332451
aya-02.jpg,downloaded,selected,https://cloudfront-eu-central-1.images.arcpublishing.com/thenational/MOKCNEFSNJBEBK7IWIVCI77YXM.jpg,https://www.thenationalnews.com/lifestyle/things-to-do/2022/12/13/inside-aya-a-new-experiential-park-in-dubai-pictures/,https://www.aya-universe.com/,AYA Universe,Genuinely strange,2,carousel · official,"a second angle — interior, or the thing itself close up",The National opening gallery; high-resolution view of visitors among AYA's illuminated wireframe spheres.,2000,1333,937227
aya-03.jpg,downloaded,selected,https://cloudfront-eu-central-1.images.arcpublishing.com/thenational/LNF2RL3RHVGMRA2VET4XSBUNMA.jpg,https://www.thenationalnews.com/lifestyle/things-to-do/2022/12/13/inside-aya-a-new-experiential-park-in-dubai-pictures/,https://www.tripadvisor.com/Search?q=AYA%20Universe%20WAFI%20City,AYA Universe,Genuinely strange,3,carousel · candid,"a real visitor photo — people in frame, imperfect light",The National opening gallery; attributable candid of a visitor reaching into the hanging fiber-light installation.,2000,1333,904781
aya-04.jpg,not_found,waived,,,https://www.instagram.com/explore/tags/ayauniverse,AYA Universe,Genuinely strange,4,carousel · candid,"something from the venue's own Instagram, or a tagged post",No fourth image added: the remaining official stills were only 350px and the three selected frames already cover the venue without duplication.,,,
arte-01.jpg,downloaded,selected,https://cdn.prod.website-files.com/66ed1e55cb2126f08c9c3164/680b1f80c68cf8234ca29be3_garden-orsay.webp,https://dubai.artemuseum.com/exhibition,https://dubai.artemuseum.com/,ARTE Museum,Genuinely strange,1,hero · official,the signature wide shot,Official ARTE Museum Dubai exhibition image; bright Musée d'Orsay Garden installation with two public visitors centered for both portrait and wide crops.,601,800,314002
arte-02.jpg,downloaded,selected,https://cdn.prod.website-files.com/66ed1e55cb2126f08c9c3164/680b204141c9009d6df11329_waterfall.webp,https://dubai.artemuseum.com/exhibition,https://dubai.artemuseum.com/,ARTE Museum,Genuinely strange,2,carousel · official,"a second angle — interior, or the thing itself close up",Official ARTE Museum Dubai exhibition image; bright Waterfall Infinite installation with visitors and reflections centered for both crop modes.,600,801,285297
arte-03.jpg,downloaded,selected,https://cdn.prod.website-files.com/66ed1e55cb2126f08c9c3164/680b1f604f41fff70d590470_romantic-thunder.webp,https://dubai.artemuseum.com/exhibition,https://www.tripadvisor.com/Search?q=ARTE%20Museum%20Dubai%20Mall,ARTE Museum,Genuinely strange,3,carousel · candid,"a real visitor photo — people in frame, imperfect light","Official ARTE Museum Dubai Romantic Thunder installation still; this vivid pink cloud-and-light room adds a differentiated installation view rather than duplicating the Orsay-clock or Waterfall frames, and its centered wide crop retains the focal artwork.",601,800,102966
toda-01.jpg,downloaded,selected,https://static.tildacdn.net/tild3561-3361-4830-b333-393432646161/IMG_6343_1.jpg,https://toda.ae/,https://toda.ae/,Theatre of Digital Art,Genuinely strange,1,hero · official,the signature wide shot,Official TODA photograph; immersive blue botanical projection with centered visitor.,1680,1120,385681
toda-02.jpg,downloaded,selected,https://static.tildacdn.net/tild6532-3666-4638-b861-356637616230/Copy_of_IMG-78.jpg,https://toda.ae/,https://toda.ae/,Theatre of Digital Art,Genuinely strange,2,carousel · official,"a second angle — interior, or the thing itself close up",Official TODA photograph; full auditorium and wraparound art projection.,1680,1120,354844
toda-03.jpg,downloaded,selected,https://static.tildacdn.net/tild6132-3132-4539-a538-613738353337/3X1A61591.jpg,https://toda.ae/,https://www.tripadvisor.com/Search?q=Theatre%20of%20Digital%20Art%20Souk%20Madinat,Theatre of Digital Art,Genuinely strange,3,carousel · candid,"a real visitor photo — people in frame, imperfect light",Official TODA photograph; seated visitors silhouetted against flowing projection art.,1680,1120,366606
houseofhype-01.jpg,downloaded,selected,https://hoh-dxb-website.s3.eu-west-1.amazonaws.com/homepage/herobanner.webp,https://www.house-of-hype.com/,https://houseofhype.com/dubai/,House of Hype,Genuinely strange,1,hero · official,the signature wide shot,Official current Dubai homepage hero; 1440-pixel-wide Omnipop room with two visitors jumping inside the projection.,1440,761,138748
houseofhype-02.jpg,downloaded,selected,https://hoh-ksa-website.s3.me-central-1.amazonaws.com/about_banner_img_8fe121b781.jpg,https://www.house-of-hype.com/about,https://houseofhype.com/dubai/,House of Hype,Genuinely strange,2,carousel · official,"a second angle — interior, or the thing itself close up",Official current Dubai About page asset; three visitors inside the colorful Satoshi's Laundromat experience.,1380,507,180748
houseofhype-03.jpg,downloaded,selected,https://hoh-ksa-website.s3.me-central-1.amazonaws.com/pixel_c4b33e72db.jpg,https://www.house-of-hype.com/,https://www.tripadvisor.com/Search?q=House%20of%20Hype%20Dubai%20Mall,House of Hype,Genuinely strange,3,carousel · candid,"a real visitor photo — people in frame, imperfect light",Official current Dubai experience tile; a mother and child inside Pixel are naturally centered so both faces survive the site's wide crop.,767,900,270500
chaoskarts-01.jpg,downloaded,selected,https://chaoskarts.ae/_astro/info_image-2_glp9ok_1Hqszc.jpeg,https://chaoskarts.ae/,https://chaoskarts.ae/,Chaos Karts,Genuinely strange,1,hero · official,the signature wide shot,Official current Dubai homepage; 1176-pixel-wide driver portrait with racing projections and kart clearly visible.,1176,840,140379
chaoskarts-02.jpg,downloaded,selected,https://chaoskarts.ae/_astro/tickets_image.d35775fc_1440w_geiitl_lliTu.webp,https://chaoskarts.ae/,https://chaoskarts.ae/,Chaos Karts,Genuinely strange,2,carousel · official,"a second angle — interior, or the thing itself close up",Official current homepage; motion-filled wide racing scene on the projection-mapped track.,900,600,63600
chaoskarts-03.jpg,downloaded,selected,https://chaoskarts.ae/_astro/groups-experience-01_pnz9ec_Z2r8QUm.webp,https://chaoskarts.ae/,https://www.tripadvisor.com/Search?q=Chaos%20Karts%20Al%20Quoz,Chaos Karts,Genuinely strange,3,carousel · candid,"a real visitor photo — people in frame, imperfect light",Official current group-experience image; two real visitors racing purple karts in a bright game world.,900,705,79132
chaoskarts-04.jpg,downloaded,selected,https://chaoskarts.ae/_astro/_instafeed-2_ttbqva_qk1PX.webp,https://chaoskarts.ae/,https://www.instagram.com/explore/tags/chaoskarts,Chaos Karts,Genuinely strange,4,carousel · candid,"something from the venue's own Instagram, or a tagged post",Official site's own 900×600 social-feed image; close driver-in-kart action shot under projected neon graphics.,900,600,75191
motf-01.jpg,downloaded,selected,https://motf-p-16570672ab7e.imgix.net/94c5f22b-fa3b-46f1-a9e5-671c337a6217/Rectangle1.jpg?auto=compress%2Cformat&fit=min&fm=jpg&q=80&w=2000,https://museumofthefuture.ae/en/experience,https://museumofthefuture.ae/,Museum of the Future,Genuinely strange,1,hero · official,the signature wide shot,Official Museum of the Future image service; strong uncropped 2000-pixel-wide exterior view.,2000,1414,398812
motf-02.jpg,downloaded,selected,https://motf-p-16570672ab7e.imgix.net/18207a0f-06dc-4868-8618-4ad76f6465c3/Level5200404.jpg?auto=compress%2Cformat&fit=min&fm=jpg&q=80&w=2000,https://museumofthefuture.ae/en/experience,https://museumofthefuture.ae/,Museum of the Future,Genuinely strange,2,carousel · official,"a second angle — interior, or the thing itself close up",Official experience page; abstract red illuminated interior detail at full landscape composition.,2000,1333,538771
motf-03.jpg,downloaded,selected,https://motf-p-16570672ab7e.imgix.net/c9789689-ba5e-48fe-9d2b-893ddd12da11/MOTF-LS_5__7R10306_0008.jpg?auto=compress%2Cformat&fit=min&fm=jpg&q=80&w=2000,https://museumofthefuture.ae/en/experience,https://www.tripadvisor.com/Search?q=Museum%20of%20the%20Future%20Trade%20Centre,Museum of the Future,Genuinely strange,3,carousel · candid,"a real visitor photo — people in frame, imperfect light",Official experience page; human hand engaging with a glowing interactive exhibit.,2000,1333,151531
motf-04.jpg,downloaded,selected,https://motf-p-16570672ab7e.imgix.net/5cce3c2a-59f5-4c3b-b954-b6abb3208ba7/DSC00125-Edit.jpg?auto=compress%2Cformat&fit=min&fm=jpg&q=80&w=2000,https://museumofthefuture.ae/en/experience,https://www.instagram.com/explore/tags/museumofthefuture,Museum of the Future,Genuinely strange,4,carousel · candid,"something from the venue's own Instagram, or a tagged post",Official experience page used instead of social media; expansive white calligraphic interior.,2000,1333,146583
playhouse-01.jpg,downloaded,selected,https://cloudfront-eu-central-1.images.arcpublishing.com/thenational/FSYW7HTAVA2NVU7WNAZBQP65QM.jpg,https://www.thenationalnews.com/arts-culture/art/al-quoz-creative-zone-dubai-s-newest-creative-hub-kicks-off-first-workshop-1.1208839/,https://unsplash.com/s/photos/small-black-box-theatre-stage,Courtyard Playhouse,Genuinely strange,1,hero · category,small black-box theatre stage,The National photograph credited courtesy of Courtyard Playhouse; exact 1200-pixel-wide empty auditorium and stage.,1200,800,150010
playhouse-02.jpg,downloaded,selected,https://cloudfront-eu-central-1.images.arcpublishing.com/thenational/EIMD66Y7XHB4226WNHLXPAPHCA.jpg,https://www.thenationalnews.com/arts-culture/dubai-s-courtyard-playhouse-theatre-workshop-to-help-teenagers-improve-their-improv-1.444250,https://www.google.com/search?tbm=isch&q=small%20black-box%20theatre%20stage%20Dubai,Courtyard Playhouse,Genuinely strange,2,carousel · category,"small black-box theatre stage, Dubai if possible",The National feature photograph credited to the venue; exact stage in use during a youth improv workshop.,1024,683,90215
designweek-01.jpg,downloaded,selected,https://www.dubaidesignweek.ae/files/cache/edfd2a1ad89e072aaba22bdb108a96ae_f18671.png,https://www.dubaidesignweek.ae/,https://www.dubaidesignweek.ae/,Dubai Design Week,Genuinely strange,1,hero · official,the signature wide shot,Official Dubai Design Week photograph; lively outdoor district at dusk with city context.,800,800,141077
designweek-02.jpg,downloaded,selected,https://www.dubaidesignweek.ae/files/cache/03a462beb5f24a4c1c7be03b8a451df5_f20259.png,https://www.dubaidesignweek.ae/,https://www.dubaidesignweek.ae/,Dubai Design Week,Genuinely strange,2,carousel · official,"a second angle — interior, or the thing itself close up",Official Dubai Design Week photograph; distinctive straw-clad architectural installation.,800,800,227941
designweek-03.jpg,downloaded,selected,https://www.dubaidesignweek.ae/files/cache/0ea8d75e66bf685410f30d145cf1bde2_f18669.png,https://www.dubaidesignweek.ae/,https://www.tripadvisor.com/Search?q=Dubai%20Design%20Week%20Dubai%20Design%20District,Dubai Design Week,Genuinely strange,3,carousel · candid,"a real visitor photo — people in frame, imperfect light",Official event photograph; overhead communal table with visitors in frame.,800,800,140647
designweek-04.jpg,downloaded,selected,https://www.dubaidesignweek.ae/files/cache/681f461322d5dd47cad2ca766bcb39b7_f18668.png,https://www.dubaidesignweek.ae/,https://www.instagram.com/explore/tags/dubaidesignweek,Dubai Design Week,Genuinely strange,4,carousel · candid,"something from the venue's own Instagram, or a tagged post",Official event site used instead of Instagram; busy interior exhibition crowd.,800,800,118768
downtowndesign-01.jpg,downloaded,selected,https://cdn.prod.website-files.com/67c1846684b4b08dc5bda767/698d7dd5ac3bc384e7fa5b39_Screenshot%202026-02-12%20at%2011.14.14%20AM.png,https://www.downtowndesign.com/,https://www.downtowndesign.com/,Downtown Design,Genuinely strange,1,hero · official,the signature wide shot,Official event site photograph; busy exhibition pavilion with visitors and furniture in frame.,1394,1098,236998
downtowndesign-02.jpg,downloaded,selected,https://cdn.prod.website-files.com/67c1846684b4b08dc5bda767/698d7d19f27859054375189e_Screenshot%202026-02-12%20at%2011.11.07%20AM.png,https://www.downtowndesign.com/,https://www.downtowndesign.com/,Downtown Design,Genuinely strange,2,carousel · official,"a second angle — interior, or the thing itself close up",Official event site photograph; sculptural bathroom installation gives a clean design-detail angle.,1304,1376,431400
downtowndesign-03.jpg,downloaded,selected,https://cdn.prod.website-files.com/67c1846684b4b08dc5bda767/698d7e505a589fa6054c2966_Screenshot%202026-02-12%20at%2011.16.19%20AM.png,https://www.downtowndesign.com/,https://www.tripadvisor.com/Search?q=Downtown%20Design%20Dubai%20Design%20District,Downtown Design,Genuinely strange,3,carousel · candid,"a real visitor photo — people in frame, imperfect light",Official event site photograph; visitor approach to the landscaped Downtown Design entrance.,1072,1092,175590
alwasl-01.jpg,downloaded,selected,https://www.smithgill.com/media/images/project_images/1058/al_wasl_18.jpg,https://www.smithgill.com/work/al_wasl_plaza/,https://www.google.com/search?tbm=isch&q=Al%20Wasl%20Plaza%20projections%20Dubai,Al Wasl Plaza projections,Genuinely strange,1,hero · official,the signature wide shot,Official architect project gallery; 1800-pixel-wide interior projection show with a packed audience.,1800,1201,813596
alwasl-02.jpg,downloaded,selected,https://www.smithgill.com/media/images/project_images/1058/al_wasl_10.jpg,https://www.smithgill.com/work/al_wasl_plaza/,https://www.google.com/search?tbm=isch&q=Al%20Wasl%20Plaza%20projections%20Dubai,Al Wasl Plaza projections,Genuinely strange,2,carousel · official,"a second angle — interior, or the thing itself close up",Official architect gallery; aerial night view of the dome fully illuminated by a pink projection.,1500,1125,430168
alwasl-03.jpg,downloaded,selected,https://www.smithgill.com/media/images/project_images/1058/al_wasl_22.jpg,https://www.smithgill.com/work/al_wasl_plaza/,https://www.tripadvisor.com/Search?q=Al%20Wasl%20Plaza%20projections%20Expo%20City,Al Wasl Plaza projections,Genuinely strange,3,carousel · candid,"a real visitor photo — people in frame, imperfect light",Official architect gallery; audience-level purple projection and live-show scene with people in frame.,1800,1350,644393
lepetitchef-01.jpg,downloaded,selected,https://www.lepetitchef.com/assets/venues/lpc6/hero-poster.webp,https://www.lepetitchef.com/en/dubai,https://lepetitchef.com/,Le Petit Chef,Genuinely strange,1,hero · official,the signature wide shot,Official current Dubai page hero; clean 1600×900 frame of guests reacting to the table projection.,1600,900,210072
lepetitchef-02.jpg,downloaded,selected,https://www.lepetitchef.com/assets/venues/nashville/impression-1.webp,https://www.lepetitchef.com/en/dubai,https://lepetitchef.com/,Le Petit Chef,Genuinely strange,2,carousel · official,"a second angle — interior, or the thing itself close up",Official global show photograph served on the Dubai page; two diners watching the animated plates.,2000,1333,251299
lepetitchef-03.jpg,downloaded,selected,https://www.lepetitchef.com/assets/venues/nashville/gallery-4.webp,https://www.lepetitchef.com/en/dubai,https://www.tripadvisor.com/Search?q=Le%20Petit%20Chef%20Various%20hotels,Le Petit Chef,Genuinely strange,3,carousel · candid,"a real visitor photo — people in frame, imperfect light",Official global show photograph served on the Dubai page; overhead view of the miniature chef projected beside a guest's plate.,2000,1333,261389
moonrise-01.jpg,downloaded,selected,https://cdn.squaremeal.ae/restaurants/624/images/dsc07163-2-web-1728x_27062022090402.jpg,https://www.squaremeal.ae/restaurants/moonrise_624,https://www.moon-rise.xyz/,Moonrise,Long dinners,1,hero · official,the signature wide shot,Exact editorial view of Moonrise's candlelit counter; selected as the hero because the current official site offers no usable photographic gallery.,1728,768,111911
moonrise-02.jpg,downloaded,selected,https://images.squarespace-cdn.com/content/v1/6260a0f4f2a1571c44b03c6e/15f7233a-608b-4335-a432-b9457391e6e0/IMG_4130.jpeg,https://www.travelsforstars.com/blog/2025/05/26/moonrise-dubai,https://www.moon-rise.xyz/,Moonrise,Long dinners,2,carousel · official,"a second angle — interior, or the thing itself close up",Exact Moonrise open-kitchen and dining-counter view from a recent independent restaurant review.,2000,1500,452759
moonrise-03.jpg,downloaded,selected,https://images.squarespace-cdn.com/content/v1/6260a0f4f2a1571c44b03c6e/1756795860048-0CEMUTFW6XKZ7LOKG2YE/IMG_4136.jpeg,https://www.travelsforstars.com/blog/2025/05/26/moonrise-dubai,https://www.tripadvisor.com/Search?q=Moonrise%20Al%20Satwa,Moonrise,Long dinners,3,carousel · candid,"a real visitor photo — people in frame, imperfect light",Exact Moonrise course photographed during a recent independent visit; used as honest guest context when review-platform binaries were inaccessible.,2000,1500,390047
moonrise-04.jpg,not_found,waived,,,https://www.instagram.com/explore/tags/moonrise,Moonrise,Long dinners,4,carousel · candid,"something from the venue's own Instagram, or a tagged post","No attributable, downloadable Moonrise social candid was found; the official site is illustration-led and the Instagram tag was inaccessible.",,,
ossiano-01.jpg,downloaded,selected,https://www.thenationalnews.com/resizer/v2/ELYFWMTVPFBGZI425A3JOSJY2E.jpg?auth=fc9720652f420cb64a2af3e0bda8d6e841a05f37b2deafc628f65ea71a8f4c37&focal=3530%2C2880&height=900&width=1600,https://www.thenationalnews.com/lifestyle/food/2025/01/07/ossiano-atlantis-palm-50-best-restaurants-award/,https://ossiano.info/,Ossiano,Long dinners,1,hero · official,the signature wide shot,Exact wide Ossiano aquarium dining-room image credited to Atlantis The Palm by The National.,1600,900,287339
ossiano-02.jpg,downloaded,selected,https://ossiano.info/dish-1.webp,https://ossiano.info/,https://ossiano.info/,Ossiano,Long dinners,2,carousel · official,"a second angle — interior, or the thing itself close up",Exact plated-course close-up from Ossiano's official website.,1920,1280,332446
ossiano-03.jpg,not_found,defer_until_reopen,,,https://www.tripadvisor.com/Search?q=Ossiano%20Atlantis%20The%20Palm,Ossiano,Long dinners,3,carousel · candid,"a real visitor photo — people in frame, imperfect light",Deferred because Atlantis's 15 June 2026 partner notice confirms Ossiano is closed for refurbishment through 30 September 2026 and will return fully refurbished in October; source: https://intourist.ru/media/factSheets/06e2cfd0-36c2-429b-b5a3-f1de93696410_20260615133347_External_Communication-Atlantis_Enhancements_2026-V15062026.pdf.,,,
ossiano-04.jpg,not_found,defer_until_reopen,,,https://www.instagram.com/explore/tags/ossiano,Ossiano,Long dinners,4,carousel · candid,"something from the venue's own Instagram, or a tagged post",Deferred until the fully refurbished Ossiano reopens after its documented closure through 30 September 2026; reassess current venue imagery in October rather than selecting a stale social image.,,,
almahara-01.jpg,downloaded,selected,https://cdn.jumeirah.com/api/public/content/64da55d94bf44e989aa60343878d43e8?v=c2d3f4ad,https://www.jumeirah.com/en/stay/dubai/burj-al-arab-jumeirah/dining/burj-al-arab-al-mahara,https://www.jumeirah.com/en/dine/dubai/burj-al-arab-lolivo-at-al-mahara,L'Olivo at Al Mahara,Long dinners,1,hero · official,the signature wide shot,Exact official aquarium-window dining-room view at Al Mahara.,1620,1080,156793
almahara-02.jpg,downloaded,selected,https://cdn.jumeirah.com/api/public/content/812c5c7ce6fe42418d7b6d8b37d8ad52?v=616cc447,https://www.jumeirah.com/en/stay/dubai/burj-al-arab-jumeirah/dining/burj-al-arab-al-mahara,https://www.jumeirah.com/en/dine/dubai/burj-al-arab-lolivo-at-al-mahara,L'Olivo at Al Mahara,Long dinners,2,carousel · official,"a second angle — interior, or the thing itself close up",Exact official candlelit table view with the aquarium behind it.,1620,1080,181522
almahara-03.jpg,downloaded,selected,https://cdn.jumeirah.com/api/public/content/366ab5b8b53e4d90a52bb4ff2d48601a?v=99980f86,https://www.jumeirah.com/en/stay/dubai/burj-al-arab-jumeirah/dining/burj-al-arab-al-mahara,https://www.tripadvisor.com/Search?q=L'Olivo%20at%20Al%20Mahara%20Burj%20Al%20Arab,L'Olivo at Al Mahara,Long dinners,3,carousel · candid,"a real visitor photo — people in frame, imperfect light","Exact official chef-plating action close-up, substituting for an inaccessible review-platform candid.",1620,1080,288041
dits-01.jpg,downloaded,selected,https://dinnerinthesky.ae/storage/32/responsive-images/top-activities-to-do-dubai-weekend-%283240%29___display_3240_2160.jpg,https://dinnerinthesky.ae/,https://dinnerinthesky.ae/,Dinner in the Sky,Long dinners,1,hero · official,the signature wide shot,Official Dinner in the Sky photograph; platform suspended high against Dubai Marina skyline.,2000,1333,311990
dits-02.jpg,downloaded,selected,https://dinnerinthesky.ae/storage/40/responsive-images/group-activity-to-do-dubai-%283240%29___display_3240_2160.jpg,https://dinnerinthesky.ae/our-gallery,https://dinnerinthesky.ae/,Dinner in the Sky,Long dinners,2,carousel · official,"a second angle — interior, or the thing itself close up",Official gallery photograph; diners seated as the platform begins its lift.,2000,1333,360334
dits-03.jpg,downloaded,selected,https://dinnerinthesky.ae/storage/2/responsive-images/dinner-in-the-sky-lunch-session-2___display_1080_1350.jpg,https://dinnerinthesky.ae/,https://www.tripadvisor.com/Search?q=Dinner%20in%20the%20Sky%20Al%20Sufouh,Dinner in the Sky,Long dinners,3,carousel · candid,"a real visitor photo — people in frame, imperfect light",Official site candid; guest dining at the suspended table with open-air context.,1080,1350,256569
sevenpaintings-01.jpg,downloaded,selected,https://static.wixstatic.com/media/225efc_078b36e1bf7a4e3ea20fe8cfa8475155~mv2.jpg,https://www.dinnertales.com/,https://www.dinnertales.com/,Seven Paintings,Long dinners,1,hero · official,the signature wide shot,Official Dinner Tales photograph; two diners framed by the Mona Lisa projection and illuminated table.,1687,1125,186747
sevenpaintings-02.jpg,downloaded,selected,https://static.wixstatic.com/media/225efc_8a6edcf0752743feb94bf5ef1af62fbc~mv2.jpg,https://www.dinnertales.com/dubaisevenpaintings,https://www.dinnertales.com/,Seven Paintings,Long dinners,2,carousel · official,"a second angle — interior, or the thing itself close up",Official Seven Paintings page; sunflower table projection with hands-on paintbrush props.,1277,958,254444
sevenpaintings-03.jpg,downloaded,selected,https://static.wixstatic.com/media/225efc_d318280e1fce42f8a0fe0fc569dcc5d4~mv2.jpeg,https://www.dinnertales.com/dubaisevenpaintings,https://www.tripadvisor.com/Search?q=Seven%20Paintings%20Business%20Bay,Seven Paintings,Long dinners,3,carousel · candid,"a real visitor photo — people in frame, imperfect light",Official Seven Paintings page; candid dark-room view down the long projection-mapped dining table.,1200,1600,169066
thepods-01.jpg,downloaded,selected,https://thepods.ae/wp-content/uploads/2026/04/5-2.jpg,https://thepods.ae/menus/,https://thepodsdubai.com/,The Pods,Long dinners,1,hero · official,the signature wide shot,Exact official wide view inside a private dining pod on Bluewaters Island.,2000,1196,381847
thepods-02.jpg,downloaded,selected,https://thepods.ae/wp-content/uploads/2026/04/1-2.jpg,https://thepods.ae/menus/,https://thepodsdubai.com/,The Pods,Long dinners,2,carousel · official,"a second angle — interior, or the thing itself close up","Exact official table-and-food view inside a pod, distinct from the empty-room hero.",2000,1196,435517
thepods-03.jpg,downloaded,selected,https://thepods.ae/wp-content/uploads/2026/04/13.jpg,https://thepods.ae/menus/,https://www.tripadvisor.com/Search?q=The%20Pods%20Bluewaters%20Island,The Pods,Long dinners,3,carousel · candid,"a real visitor photo — people in frame, imperfect light","Exact official overhead dinner scene with guests' hands in frame, used as candid activity context.",2000,1196,358598
supperclubs-01.jpg,downloaded,selected,https://images.unsplash.com/photo-1778694277039-5cbf0b9a1fcf?auto=format&fit=crop&fm=jpg&ixid=M3wxMjA3fDB8MHxwaG90by1wYWdlfHx8fGVufDB8fHx8fA%3D%3D&ixlib=rb-4.1.0&q=60&w=3000,https://unsplash.com/photos/people-enjoying-a-candlelit-dinner-at-a-dimly-lit-restaurant-UEjjO-aJtZ8,https://unsplash.com/s/photos/one-long-candlelit-table%2C-dinner-party,Secret supper clubs,Long dinners,1,hero · category,"one long candlelit table, dinner party",Representative Unsplash category image of friends around a long candlelit dinner table; no single secret-club venue is implied.,2000,1333,298286
supperclubs-02.jpg,downloaded,selected,https://images.unsplash.com/photo-1680079033073-860e3b9c2094?auto=format&fit=crop&fm=jpg&ixid=M3wxMjA3fDB8MHxwaG90by1wYWdlfHx8fGVufDB8fHx8fA%3D%3D&ixlib=rb-4.1.0&q=60&w=3000,https://unsplash.com/photos/a-long-table-set-up-with-candles-and-flowers-XgYb1OXCDG8,https://www.google.com/search?tbm=isch&q=one%20long%20candlelit%20table%2C%20dinner%20party%20Dubai,Secret supper clubs,Long dinners,2,carousel · category,"one long candlelit table, dinner party, Dubai if possible",Representative Unsplash category image of a flower-and-candle-set communal table; no Dubai venue is implied.,2000,1333,513058
lecole-01.jpg,downloaded,selected,https://www.lecolevancleefarpels.com/sites/default/files/2026-06/lecole-school-jewelry-arts-course-savoir-faire-jeweler-techniques-cover-desktop.jpg,https://www.lecolevancleefarpels.com/me/en/savoir-faire/trying-out-jewelers-techniques-2-hrs-0,https://www.lecolevancleefarpels.com/me/en/trying-out-jewelers-techniques-course-me,L'ÉCOLE · the jeweller's bench,Things we'd take home,1,hero · official,the signature wide shot,Exact-course official L'ÉCOLE press photography; hands shaping wax at the jeweler's bench.,1860,1400,207181
lecole-02.jpg,downloaded,selected,https://www.lecolevancleefarpels.com/sites/default/files/2026-06/lecole-school-jewelry-arts-course-savoir-faire-jeweler-techniques-carrousel-03.jpg,https://www.lecolevancleefarpels.com/me/en/savoir-faire/trying-out-jewelers-techniques-2-hrs-0,https://www.lecolevancleefarpels.com/me/en/trying-out-jewelers-techniques-course-me,L'ÉCOLE · the jeweller's bench,Things we'd take home,2,carousel · official,"a second angle — interior, or the thing itself close up",Exact-course official L'ÉCOLE press photography; participant using a jeweler's saw.,2000,1279,242025
lecole-03.jpg,downloaded,selected,https://www.lecolevancleefarpels.com/sites/default/files/2026-06/lecole-school-jewelry-arts-course-savoir-faire-jeweler-techniques-carrousel-02.jpg,https://www.lecolevancleefarpels.com/me/en/savoir-faire/trying-out-jewelers-techniques-2-hrs-0,https://www.tripadvisor.com/Search?q=L'%C3%89COLE%20%C2%B7%20the%20jeweller's%20bench%20Dubai%20Mall,L'ÉCOLE · the jeweller's bench,Things we'd take home,3,carousel · candid,"a real visitor photo — people in frame, imperfect light",Exact-course official L'ÉCOLE participant photography substituted for an unverifiable TripAdvisor discovery result; hands at a traditional bench.,2000,1279,226741
lecole-04.jpg,downloaded,selected,https://www.lecolevancleefarpels.com/sites/default/files/2026-06/lecole-school-jewelry-arts-course-savoir-faire-jeweler-techniques-carrousel-01.jpg,https://www.lecolevancleefarpels.com/me/en/savoir-faire/trying-out-jewelers-techniques-2-hrs-0,https://www.instagram.com/explore/tags/lcolethejewellersbench,L'ÉCOLE · the jeweller's bench,Things we'd take home,4,carousel · candid,a different moment — ideally with a sense of scale,Exact-course official L'ÉCOLE participant photography substituted for inaccessible Instagram discovery; close view of polishing a metal setting.,2000,1279,202374
chipcarving-01.jpg,downloaded,selected,https://tashkeel.org/volumes/default/Untitled-design-95-1.jpg,https://tashkeel.org/workshops/chip-carving-letters-and-patters-series,https://tashkeel.org/workshops/chip-carving-letters-and-patters-series,"Chip carving, three sessions",Things we'd take home,1,hero · official,the signature wide shot,Exact-workshop official Tashkeel image of finished letter and pattern panels; original-resolution asset.,1500,844,152543
chipcarving-02.jpg,downloaded,selected,https://upload.wikimedia.org/wikipedia/commons/1/14/Carvingknives.JPG,https://commons.wikimedia.org/wiki/File:Carvingknives.JPG,https://tashkeel.org/workshops/chip-carving-letters-and-patters-series,"Chip carving, three sessions",Things we'd take home,2,carousel · official,"a second angle — interior, or the thing itself close up",Contextually exact tool detail rather than the Tashkeel session: two carving knives; Wikimedia Commons CC BY-SA 2.5 by Kaiserb.,1552,820,264100
chipcarving-03.jpg,downloaded,selected,https://upload.wikimedia.org/wikipedia/commons/a/a0/ChipCarving.JPG,https://commons.wikimedia.org/wiki/File:ChipCarving.JPG,https://www.tripadvisor.com/Search?q=Chip%20carving%2C%20three%20sessions%20Tashkeel%2C%20Al%20Quoz,"Chip carving, three sessions",Things we'd take home,3,carousel · candid,"a real visitor photo — people in frame, imperfect light",Contextually exact candid/action reference rather than the Tashkeel session: hands demonstrating chip carving; Wikimedia Commons CC BY-SA 3.0 by Jonathunder.,2000,1332,299284
limba-01.jpg,downloaded,selected,https://limbaceramics.com/wp-content/uploads/2025/12/Header-Pottery-on-the-Wheel--scaled.webp,https://limbaceramics.com/pottery-on-the-wheel/,https://limbaceramics.com/pottery-on-the-wheel/,Pottery on the wheel,Things we'd take home,1,hero · official,the signature wide shot,Exact-class official Limba hero showing a freshly thrown pot on the wheel; center-cropped from the panoramic source to a flexible 16:9 composition.,1516,853,114091
limba-02.jpg,downloaded,selected,https://limbaceramics.com/wp-content/uploads/2026/07/wheel-pottery.webp,https://limbaceramics.com/pottery-on-the-wheel/,https://limbaceramics.com/pottery-on-the-wheel/,Pottery on the wheel,Things we'd take home,2,carousel · official,"a second angle — interior, or the thing itself close up",Exact-class official Limba overhead process photograph of hands centering clay on the wheel.,1424,2000,270400
limba-03.jpg,downloaded,selected,https://limbaceramics.com/wp-content/uploads/2026/07/pottery-on-wheel.webp,https://limbaceramics.com/pottery-on-the-wheel/,https://www.tripadvisor.com/Search?q=Pottery%20on%20the%20wheel%20Limba%20Studio%2C%20Al%20Quoz,Pottery on the wheel,Things we'd take home,3,carousel · candid,"a real visitor photo — people in frame, imperfect light",Exact-class official Limba process photograph substituted for an unverifiable TripAdvisor result; a second participant's hands shaping a taller vessel.,1424,2000,298798
limba-04.jpg,downloaded,selected,https://limbaceramics.com/wp-content/uploads/2025/07/limba-Home-7.webp,https://limbaceramics.com/pottery-on-the-wheel/,https://www.instagram.com/explore/tags/potteryonthewheel,Pottery on the wheel,Things we'd take home,4,carousel · candid,a different moment — ideally with a sense of scale,Official Limba studio candid substituted for inaccessible Instagram discovery; instructor and participant work together at a wheel.,1200,742,119623
slab-01.jpg,downloaded,selected,https://avatars.mds.yandex.net/get-altay/14296560/2a00000194608714eed5756657b10fb22e04/orig,https://maps.yango.com/en-ae/org/slab_ceramics_pottery_studio/190944360762/,https://slabceramics.ae/class/wheel-throwing/,Slab · wheel throwing,Things we'd take home,1,hero · official,the signature wide shot,Exact Slab Ceramics Dubai listing photo; close landscape view of hands trimming a wheel-thrown pot. The official class site was unavailable.,2000,1333,238571
slab-02.jpg,downloaded,selected,https://avatars.mds.yandex.net/get-altay/14731058/2a00000194611a516702cbab9def4504cbb9/orig,https://maps.yango.com/en-ae/org/slab_ceramics_pottery_studio/190944360762/,https://slabceramics.ae/class/wheel-throwing/,Slab · wheel throwing,Things we'd take home,2,carousel · official,"a second angle — interior, or the thing itself close up",Exact Slab Ceramics Dubai listing photo showing the working studio and its pottery tools; official site was unavailable.,2000,1333,402572
slab-03.jpg,downloaded,selected,https://avatars.mds.yandex.net/get-altay/13947802/2a000001946087156883c65aea2c7fab9bac/orig,https://maps.yango.com/en-ae/org/slab_ceramics_pottery_studio/190944360762/,https://www.tripadvisor.com/Search?q=Slab%20%C2%B7%20wheel%20throwing%20Al%20Quoz,Slab · wheel throwing,Things we'd take home,3,carousel · candid,"a real visitor photo — people in frame, imperfect light",Exact Slab Ceramics Dubai visitor/listing candid substituted for an unverifiable TripAdvisor result; hands trimming clay at the wheel.,1024,682,79506
oolalab-01.jpg,downloaded,selected,https://cdn.shopify.com/s/files/1/0557/9466/3608/files/Spraying_Shot_2.jpg?v=1617241325,https://oola-lab.com/pages/aboutus,https://uae.oola-lab.com/products/dubai-fragrance-design-mixology-private-session,Oo La Lab · design a scent,Things we'd take home,1,hero · official,the signature wide shot,Official Oo La Lab brand photograph; hands spray a just-mixed fragrance onto a testing strip. Global brand imagery used because exact Dubai product images are only 750px.,2000,1333,135757
oolalab-02.jpg,downloaded,selected,https://oola-lab.com/cdn/shop/files/T1.jpg?v=1761561682,https://oola-lab.com/pages/aboutus,https://uae.oola-lab.com/products/dubai-fragrance-design-mixology-private-session,Oo La Lab · design a scent,Things we'd take home,2,carousel · official,"a second angle — interior, or the thing itself close up",Official Oo La Lab portrait inside the illuminated fragrance laboratory; global brand imagery used because exact Dubai product images are only 750px.,1200,1200,175812
oolalab-03.jpg,downloaded,selected,https://cdn.shopify.com/s/files/1/0557/9466/3608/files/shesays.jpg?v=1756987234,https://oola-lab.com/products/dubai-date-night-challenge-edition,https://www.tripadvisor.com/Search?q=Oo%20La%20Lab%20%C2%B7%20design%20a%20scent%20Confirm%20at%20checkout,Oo La Lab · design a scent,Things we'd take home,3,carousel · candid,"a real visitor photo — people in frame, imperfect light",Exact official Dubai Oo La Lab date-night campaign photograph substituted for an unverifiable TripAdvisor result; a participant stands behind the illuminated fragrance-note wall.,1280,1280,239543
oolalab-04.jpg,downloaded,selected,https://cdn.shopify.com/s/files/1/0557/9466/3608/files/hesays.jpg?v=1756987234,https://oola-lab.com/products/dubai-date-night-challenge-edition,https://www.instagram.com/explore/tags/oolalabdesignascent,Oo La Lab · design a scent,Things we'd take home,4,carousel · candid,a different moment — ideally with a sense of scale,Second exact official Dubai Oo La Lab date-night campaign frame substituted for inaccessible Instagram discovery; a different participant is silhouetted among the lab bottles.,1280,1280,225349
mirzam-01.jpg,downloaded,selected,https://mirzam.com/cdn/shop/files/booking-banner.jpg?v=1754289551&width=3840,https://mirzam.com/collections/workshops,https://mirzam.com/,Mirzam chocolate workshop,Things we'd take home,1,hero · official,the signature wide shot,Official Mirzam workshops banner; tempered chocolate pours from a spatula in a center-cropped 16:9 composition.,1529,860,120091
mirzam-02.jpg,downloaded,selected,https://mirzam.com/cdn/shop/files/moulding_workshop.png?v=1760077673,https://mirzam.com/products/chocolate-factory-tour-moulding-workshop,https://mirzam.com/,Mirzam chocolate workshop,Things we'd take home,2,carousel · official,"a second angle — interior, or the thing itself close up",Exact official factory-tour and moulding-workshop process image of chocolate filling bar moulds.,1600,2000,183066
mirzam-03.jpg,downloaded,selected,https://mirzam.com/cdn/shop/files/White_Chocolate_Factory_Tour_Moulding_Workshop.jpg?v=1785921379&width=3840,https://mirzam.com/collections/workshops,https://www.tripadvisor.com/Search?q=Mirzam%20chocolate%20workshop%20Alserkal%20Avenue,Mirzam chocolate workshop,Things we'd take home,3,carousel · candid,"a real visitor photo — people in frame, imperfect light",Exact official Mirzam participant/process photo substituted for an unverifiable TripAdvisor result; a hand decorates freshly moulded white-chocolate bars.,720,895,138241
procreate-01.jpg,downloaded,selected,https://cdn.mos.cms.futurecdn.net/6DQS7xJt7DT8fwC2EMvw6V.jpg,https://www.imore.com/ipad-air-5-vs-ipad-2021,https://unsplash.com/s/photos/iPad-and-stylus%2C-fashion-sketch-in-progress,Procreate fashion illustration,Things we'd take home,1,hero · category,the signature wide shot,Strong category photograph: over-the-shoulder view of a designer drawing a green gown with an Apple Pencil on an iPad.,2000,1125,210330
procreate-02.jpg,downloaded,selected,https://images.squarespace-cdn.com/content/v1/68b1c067fab4916a7e2f436d/741de747-9f49-4a9b-b4f9-76709d57d5d7/franckie-alarcon-live-drawing-dior-ipad-main-stylet-croquis-gros-plan.jpg?format=2000w,https://www.franckiealarcon.com/,https://www.google.com/search?tbm=isch&q=iPad%20and%20stylus%2C%20fashion%20sketch%20in%20progress%20Dubai,Procreate fashion illustration,Things we'd take home,2,carousel · category,"a second angle — interior, or the thing itself close up",Strong attributable category photograph: illustrator Franckie Alarcon draws a couture figure on an iPad with a stylus.,2000,1421,262450
gemology-01.jpg,downloaded,selected,https://www.lecolevancleefarpels.com/sites/default/files/2026-06/lecole-school-jewelry-arts-course-gemology-introduction-cover-desktop.jpg,https://www.lecolevancleefarpels.com/me/en/world-gemstones/introduction-gemology-2-hrs,https://www.lecolevancleefarpels.com/me/en/world-gemstones/introduction-gemology-2-hrs,Introduction to gemstones,Things we'd take home,1,hero · official,the signature wide shot,Exact-course official L'ÉCOLE photograph of hands examining a natural crystal specimen.,1860,1400,158351
gemology-02.jpg,downloaded,selected,https://www.lecolevancleefarpels.com/sites/default/files/2026-06/lecole-school-jewelry-arts-course-gemology-introduction-slider-01.jpg,https://www.lecolevancleefarpels.com/me/en/world-gemstones/introduction-gemology-2-hrs,https://www.lecolevancleefarpels.com/me/en/world-gemstones/introduction-gemology-2-hrs,Introduction to gemstones,Things we'd take home,2,carousel · official,"a second angle — interior, or the thing itself close up",Exact-course official L'ÉCOLE participant photography; a visitor studies a large emerald through a loupe.,2000,1279,245270
gemology-03.jpg,downloaded,selected,https://www.lecolevancleefarpels.com/sites/default/files/2026-06/lecole-school-jewelry-arts-course-gemology-introduction-slider-03.jpg,https://www.lecolevancleefarpels.com/me/en/world-gemstones/introduction-gemology-2-hrs,https://www.tripadvisor.com/Search?q=Introduction%20to%20gemstones%20Dubai%20Mall,Introduction to gemstones,Things we'd take home,3,carousel · candid,"a real visitor photo — people in frame, imperfect light",Exact-course official L'ÉCOLE process photograph substituted for an unverifiable TripAdvisor result; hands use a gemological loupe at the classroom table.,2000,1279,183113
makerspace-01.jpg,downloaded,selected,https://www.dubaidesignweek.ae/files/cache/ad9fccc83b4ac3cb16fb45313b264cef_f15570.jpg,https://www.dubaidesignweek.ae/features/workshops/,https://unsplash.com/s/photos/hands-at-a-workbench%2C-tools-laid-out,Design Week Maker Space,Things we'd take home,1,hero · category,the signature wide shot,Exact official Dubai Design Week Maker Space gallery photograph; an overhead view of several participants working hands-on with plaster and moulds.,1800,1125,259961
makerspace-02.jpg,downloaded,selected,https://www.dubaidesignweek.ae/files/cache/6df3c7ab698b3c5ad5e1243f492c0fea_f15567.jpg,https://www.dubaidesignweek.ae/features/workshops/,https://www.google.com/search?tbm=isch&q=hands%20at%20a%20workbench%2C%20tools%20laid%20out%20Dubai,Design Week Maker Space,Things we'd take home,2,carousel · category,"a second angle — interior, or the thing itself close up",Exact official Dubai Design Week Maker Space gallery photograph; close view of hands assembling a translucent material prototype.,1800,1125,132009
topchef-01.jpg,downloaded,selected,https://www.topchefdubai.com/wp-content/uploads/2016/02/pasta.jpg,https://www.topchefdubai.com/cooking-classes/,https://www.topchefdubai.com/cooking-classes/,Top Chef · homemade pasta,Cooking and drinking,1,hero · official,the signature wide shot,Exact official Top Chef Dubai pasta-class archive photograph of freshly cut ribbons dusted with flour.,1022,567,90133
topchef-02.jpg,downloaded,selected,https://www.topchefdubai.com/wp-content/uploads/2017/09/pastaclasssept.jpg,https://www.topchefdubai.com/cooking-classes/,https://www.topchefdubai.com/cooking-classes/,Top Chef · homemade pasta,Cooking and drinking,2,carousel · official,"a second angle — interior, or the thing itself close up",Exact official Top Chef Dubai pasta-class archive photograph of the finished plated dish.,1022,567,67723
topchef-03.jpg,downloaded,selected,https://www.topchefdubai.com/wp-content/uploads/2015/11/Culinary-Art_3.jpg,https://www.topchefdubai.com/cooking-classes/,https://www.tripadvisor.com/Search?q=Top%20Chef%20%C2%B7%20homemade%20pasta%20Al%20Quoz,Top Chef · homemade pasta,Cooking and drinking,3,carousel · candid,"a real visitor photo — people in frame, imperfect light",Official Top Chef Dubai class candid substituted for an unverifiable TripAdvisor result; participant and instructor work together at the stove.,833,556,83273
topchef-04.jpg,downloaded,selected,https://www.topchefdubai.com/wp-content/uploads/2015/11/Culinary-Art_4.jpg,https://www.topchefdubai.com/cooking-classes/,https://www.instagram.com/explore/tags/topchefhomemadepasta,Top Chef · homemade pasta,Cooking and drinking,4,carousel · candid,a different moment — ideally with a sense of scale,Official Top Chef Dubai class candid substituted for inaccessible Instagram discovery; participant and chef prepare ingredients at the teaching counter.,1000,667,132940
ruya-01.jpg,downloaded,selected,https://www.sevenrooms.com/api-yoa/experiences/ahNzfnNldmVucm9vbXMtc2VjdXJlcjMLEg9uaWdodGxvb3BfVmVudWUYgICcmaK7mwsMCxIKRXhwZXJpZW5jZRiAgK6SoYn2Cgw/hero_image?venue=ahNzfnNldmVucm9vbXMtc2VjdXJlchwLEg9uaWdodGxvb3BfVmVudWUYgICcmaK7mwsM,https://www.sevenrooms.com/experiences/ruyadubai/cocktail-masterclass-6148787157041152,https://www.sevenrooms.com/experiences/ruyadubai/cocktail-masterclass-6148787157041152,Rüya · cocktail masterclass,Cooking and drinking,1,hero · official,the signature wide shot,Exact-experience SevenRooms hero: a bartender pours a row of creamy cocktails during Rüya's masterclass.,2000,1333,246600
ruya-02.jpg,downloaded,selected,https://ruyarestaurants.com/wp-content/uploads/2025/11/RUYA-95.jpg,https://ruyarestaurants.com/dubai/gallery/,https://www.sevenrooms.com/experiences/ruyadubai/cocktail-masterclass-6148787157041152,Rüya · cocktail masterclass,Cooking and drinking,2,carousel · official,"a second angle — interior, or the thing itself close up",Official Rüya Dubai gallery close-up of a finished signature cocktail; a strong product counterpoint to the masterclass action hero.,1333,2000,165304
ruya-03.jpg,downloaded,selected,https://ruyarestaurants.com/wp-content/uploads/2023/01/Ruya-Dubai-Mekan-bar-1-scaled.jpeg,https://ruyarestaurants.com/dubai/,https://www.tripadvisor.com/Search?q=R%C3%BCya%20%C2%B7%20cocktail%20masterclass%20Grosvenor%20House,Rüya · cocktail masterclass,Cooking and drinking,3,carousel · candid,"a real visitor photo — people in frame, imperfect light",Exact Rüya Dubai human-action frame from the official venue library: a bartender places fresh garnish on a cocktail at the Mekan bar; visually distinct from the slot-one pour and slot-two finished drink.,1600,2000,217315
patisserie-01.jpg,downloaded,selected,https://maisonfleuret.fr/cdn/shop/files/macaron-baking-class-paris-participants-mixing-batter.jpg,https://maisonfleuret.fr/products/macaron-baking-class-paris,https://www.banyantree.com/united-arab-emirates/dubai/experiences/french-patisserie-lab,French pâtisserie lab,Cooking and drinking,1,hero · official,the signature wide shot,Contextually exact hands-on French pastry class substituted after Banyan Tree's sole exact asset returned HTTP 403; two participants transfer macaron batter to a piping bag.,1024,1534,159747
patisserie-02.jpg,downloaded,selected,https://maisonfleuret.fr/cdn/shop/files/macaron-workshop-paris-piping-round-shells-pastry-chef.jpg,https://maisonfleuret.fr/products/macaron-baking-class-paris,https://www.banyantree.com/united-arab-emirates/dubai/experiences/french-patisserie-lab,French pâtisserie lab,Cooking and drinking,2,carousel · official,"a second angle — interior, or the thing itself close up",Contextually exact process photograph from Maison Fleuret's official macaron workshop: hands pipe uniform shells onto a marked baking mat.,1024,1534,145866
patisserie-03.jpg,downloaded,selected,https://da3hi9a5pz1hf.cloudfront.net/assets/2025-08/bt-dubai-resort-experiences-french-patisserie-lab.jpg,https://www.banyantree.com/united-arab-emirates/dubai/experiences/french-patisserie-lab,https://www.tripadvisor.com/Search?q=French%20p%C3%A2tisserie%20lab%20Banyan%20Tree%2C%20Bluewaters,French pâtisserie lab,Cooking and drinking,3,carousel · candid,"a real visitor photo — people in frame, imperfect light",Exact official Banyan Tree Dubai class frame: an aproned guest assembles pastries beside the chef-instructor amid bowls and finished desserts; fetched from the public CloudFront origin serving the same canonical Banyan Tree asset.,1620,1080,195075
patisserie-04.jpg,not_found,waived,,https://www.instagram.com/explore/tags/frenchptisserielab,https://www.instagram.com/explore/tags/frenchptisserielab,French pâtisserie lab,Cooking and drinking,4,carousel · candid,"something from the venue's own Instagram, or a tagged post",The guessed Instagram tag was inaccessible and no distinct attributable exact-session image could be verified beyond Banyan Tree's protected asset.,,,
spicespoons-01.jpg,downloaded,selected,https://assets.anantara.com/image/upload/q_auto%2Cf_auto%2Cc_limit%2Cw_1045/media/minor/anantara/images/anantara-the-palm-dubai-resort/dining/detail-page/spice-spoons/anantara_dubai_the_palm_spice_spoons_menu_1152x608/spice-spoons-by-anantara.jpg,https://www.anantara.com/en/palm-dubai/restaurants/spice-spoons,https://www.anantara.com/en/palm-dubai/restaurants/spice-spoons,Anantara · Spice Spoons,Cooking and drinking,1,hero · official,the signature wide shot,Exact-experience official Anantara photograph of two participants cooking with the Thai chef at the Spice Spoons station.,1045,653,108948
spicespoons-02.jpg,downloaded,selected,https://assets.anantara.com/image/upload/q_auto%2Cf_auto%2Cc_limit%2Cw_1045/media/minor/anantara/images/anantara-the-palm-dubai-resort/dining/detail-page/spice-spoons/anantara_dubai_the_palm_spice_spoons_detailsmenu_1120x608.jpg,https://www.anantara.com/en/palm-dubai/restaurants/spice-spoons,https://www.anantara.com/en/palm-dubai/restaurants/spice-spoons,Anantara · Spice Spoons,Cooking and drinking,2,carousel · official,"a second angle — interior, or the thing itself close up",Exact-experience official Anantara overhead still life of Thai produce and aromatics used in the class.,1045,567,174283
spicespoons-03.jpg,downloaded,selected,https://assets.anantara.com/image/upload/q_auto%2Cf_auto%2Cc_limit%2Cw_1045/media/minor/anantara/images/anantara-the-palm-dubai-resort/dining/detail-page/spice-spoons/adpj_mekong_spice-spoons_750x405/spice-spoons-by-anantara_944x510.jpg,https://www.anantara.com/en/palm-dubai/restaurants/spice-spoons,https://www.tripadvisor.com/Search?q=Anantara%20%C2%B7%20Spice%20Spoons%20Anantara%2C%20The%20Palm,Anantara · Spice Spoons,Cooking and drinking,3,carousel · candid,"a real visitor photo — people in frame, imperfect light",Exact-experience official Anantara participant photograph substituted for an unverifiable TripAdvisor result; two guests cook side-by-side in Spice Spoons aprons.,944,510,77393
salonchocolat-01.jpg,downloaded,selected,https://www.salonduchocolatdubai.com/ContentFiles/669BannerImage.jpg?v=131588&w=1319&h=569,https://www.salonduchocolatdubai.com/,https://www.salonduchocolatdubai.com/,Salon du Chocolat,Cooking and drinking,1,hero · official,the signature wide shot,Official Salon du Chocolat Dubai homepage hero; molten chocolate pours over a textured confection.,1319,569,80916
salonchocolat-02.jpg,downloaded,selected,https://www.salonduchocolatdubai.com/ContentFiles/669Section1Block1Image.JPG,https://www.salonduchocolatdubai.com/,https://www.salonduchocolatdubai.com/,Salon du Chocolat,Cooking and drinking,2,carousel · official,"a second angle — interior, or the thing itself close up",Official Salon du Chocolat Dubai event photograph of individual chocolate pastries arranged during a demonstration.,2000,1333,258069
salonchocolat-03.jpg,downloaded,selected,https://www.salonduchocolatdubai.com/ContentPhotos/Photos/Cocoa%20Carnival_051516..JPG,https://www.salonduchocolatdubai.com/photos1,https://www.tripadvisor.com/Search?q=Salon%20du%20Chocolat%20Dubai,Salon du Chocolat,Cooking and drinking,3,carousel · candid,"a real visitor photo — people in frame, imperfect light",Exact official event-gallery photograph substituted for an unverifiable TripAdvisor result; a model presents the vividly decorated Cocoa Carnival chocolate dress.,2000,1334,190436
dimsum-01.jpg,downloaded,selected,https://images.pexels.com/photos/8093624/pexels-photo-8093624.jpeg?auto=compress&cs=tinysrgb&w=2000,https://www.pexels.com/photo/person-making-dumplings-8093624/,https://unsplash.com/s/photos/hands-folding-dumplings%2C-bamboo-steamer,Dim sum masterclass,Cooking and drinking,1,hero · category,"hands folding dumplings, bamboo steamer",High-resolution representative action photograph by Mikhail Nilov on Pexels: gloved hands pleat a dumpling with a bamboo steamer behind.,2000,1333,164660
dimsum-02.jpg,downloaded,selected,https://images.pexels.com/photos/6752827/pexels-photo-6752827.jpeg?auto=compress&cs=tinysrgb&w=2000,https://www.pexels.com/photo/steamed-dumplings-in-the-bamboo-steamer-6752827/,https://www.google.com/search?tbm=isch&q=hands%20folding%20dumplings%2C%20bamboo%20steamer%20Dubai,Dim sum masterclass,Cooking and drinking,2,carousel · category,"hands folding dumplings, bamboo steamer, Dubai if possible",High-resolution representative finished-food photograph by Jonas F on Pexels: xiao long bao steaming in a bamboo basket.,2000,1333,199567
mtnextreme-01.jpg,downloaded,selected,https://static.wixstatic.com/media/ed5fe3_139801ada8cd4d11aa26ea5cdef63be4~mv2.jpg,https://www.mtnextreme.com/book-now,https://www.mtnextreme.com/book-now,Mountain Extreme,Something to get good at,1,hero · official,the signature wide shot,Exact-venue official wide photograph of the Mountain Extreme climbing wall with a climber and venue branding.,1920,1281,384068
mtnextreme-02.jpg,downloaded,selected,https://static.wixstatic.com/media/927073_b83cbd72434c4aa59381780c8787b884~mv2.jpg,https://www.mtnextreme.com/book-now,https://www.mtnextreme.com/book-now,Mountain Extreme,Something to get good at,2,carousel · official,"a second angle — interior, or the thing itself close up",Exact-venue official action photograph of a woman bouldering on the overhanging wall.,1284,1574,185261
mtnextreme-03.jpg,downloaded,selected,https://static.wixstatic.com/media/927073_e187f3b1d6c9443db9ac34147cd18953~mv2.jpg,https://www.mtnextreme.com/book-now,https://www.tripadvisor.com/Search?q=Mountain%20Extreme%20Al%20Quoz,Mountain Extreme,Something to get good at,3,carousel · candid,"a real visitor photo — people in frame, imperfect light",Exact-venue official class photograph substituted for an unverifiable TripAdvisor result; a coach briefs seated young climbers.,1284,1200,141504
mtnextreme-04.jpg,downloaded,selected,https://static.wixstatic.com/media/927073_d1a2f2f0da294ea0aa56d085b18a3f4d~mv2.jpg,https://www.mtnextreme.com/book-now,https://www.instagram.com/explore/tags/mountainextreme,Mountain Extreme,Something to get good at,4,carousel · candid,"something from the venue's own Instagram, or a tagged post",Exact-venue official action photograph substituted for inaccessible Instagram discovery; one climber works the wall while another spots.,1284,1727,287779
boulderzone-01.jpg,downloaded,selected,https://boulderzone.ae/wp-content/uploads/2024/06/RXV01036.jpeg,https://boulderzone.ae/offerings/,https://boulderzone.ae/offerings/,Boulder Zone,Something to get good at,1,hero · official,the signature wide shot,Exact-venue official wide photograph showing the full scale and geometry of Boulder Zone's climbing walls.,2000,1333,326138
boulderzone-02.jpg,downloaded,selected,https://boulderzone.ae/wp-content/uploads/2024/06/IntroToBoulderingGivingBeta.jpg,https://boulderzone.ae/offerings/,https://boulderzone.ae/offerings/,Boulder Zone,Something to get good at,2,carousel · official,"a second angle — interior, or the thing itself close up",Exact-venue official introduction-class photograph: coach and participant study holds and route beta together.,2000,1600,521247
boulderzone-03.jpg,downloaded,selected,https://boulderzone.ae/wp-content/uploads/2024/06/ClimbingcoachingKatherineSchirrmacher.jpg,https://boulderzone.ae/offerings/,https://www.tripadvisor.com/Search?q=Boulder%20Zone%20Al%20Quoz,Boulder Zone,Something to get good at,3,carousel · candid,"a real visitor photo — people in frame, imperfect light",Exact-venue official group-coaching photograph substituted for an unverifiable TripAdvisor result; participants gather at the wall for instruction.,2000,1125,354198
rockrepublic-01.jpg,downloaded,selected,https://static.wixstatic.com/media/9b813b_86bb3c82bfe043bd84cd00e040863743~mv2.jpg,https://www.rockrepublicdubai.com/,https://www.rockrepublicdubai.com/general-7,Rock Republic,Something to get good at,1,hero · official,the signature wide shot,Exact-venue official wide action photograph of a woman bouldering across Rock Republic's red-and-grey walls.,2000,1334,434042
rockrepublic-02.jpg,downloaded,selected,https://static.wixstatic.com/media/9b813b_11a9acb1676348868de15e5bb7732932~mv2.jpg,https://www.rockrepublicdubai.com/,https://www.rockrepublicdubai.com/general-7,Rock Republic,Something to get good at,2,carousel · official,"a second angle — interior, or the thing itself close up",Exact-venue official action photograph of a climber working the central Moon volume beneath the overhang.,2000,1334,453023
rockrepublic-03.jpg,not_found,waived,,https://www.tripadvisor.com/Search?q=Rock%20Republic%20Dubai%20Investment%20Park,https://www.tripadvisor.com/Search?q=Rock%20Republic%20Dubai%20Investment%20Park,Rock Republic,Something to get good at,3,carousel · candid,"a real visitor photo — people in frame, imperfect light",No distinct attributable high-resolution visitor photograph improved on the two exact official action images; discovery results exposed only thumbnails or duplicated venue views.,,,
goclimb-01.jpg,downloaded,selected,https://goclimb.ae/_astro/cover.dYR3aPNz_1lzFe9.webp,https://goclimb.ae/,https://goclimb.ae/pricing,GoClimb,Something to get good at,1,hero · official,the signature wide shot,Exact-venue official hero photograph of a climber on GoClimb's bright pink-and-mint overhang.,2000,1334,274203
goclimb-02.jpg,downloaded,selected,https://goclimb.ae/_astro/DSC03737.DUxDudhw_2bz8fO.jpg,https://goclimb.ae/,https://goclimb.ae/pricing,GoClimb,Something to get good at,2,carousel · official,"a second angle — interior, or the thing itself close up",Exact-venue official wide photograph of a climber on the black feature route with spectators below.,2000,1334,345751
goclimb-03.jpg,downloaded,selected,https://goclimb.ae/_astro/DSC07204.DLW8MNao_2sDKob.webp,https://goclimb.ae/,https://www.tripadvisor.com/Search?q=GoClimb%20Dubai%20Investment%20Park,GoClimb,Something to get good at,3,carousel · candid,"a real visitor photo — people in frame, imperfect light",Exact-venue official coaching photograph substituted for unverifiable TripAdvisor discovery; an instructor talks a first-time participant through holds.,1334,2000,350226
kitesurf-01.jpg,downloaded,selected,https://kitesurf.ae/wp-content/uploads/2015/08/11698775_10153446040032298_7594883851439349920_o.jpg,https://kitesurf.ae/the-school/courses/,https://kitesurfschooldubai.com/,Kitesurf course,Something to get good at,1,hero · official,the signature wide shot,Exact-course official Kitesurf School Dubai action photograph of a student riding under control near the beach.,1280,854,94352
kitesurf-02.jpg,downloaded,selected,https://kitesurf.ae/wp-content/uploads/2026/06/beach-nessnass-v2-pdf.jpg,https://kitesurf.ae/the-school/welcome/,https://kitesurfschooldubai.com/,Kitesurf course,Something to get good at,2,carousel · official,"a second angle — interior, or the thing itself close up",Official school photograph of the Nessnass teaching beach filled with kites; a wide Dubai-specific sense-of-place counterpoint.,1497,1058,219606
kitesurf-03.jpg,not_found,waived,,https://www.tripadvisor.com/Search?q=Kitesurf%20course%20Kite%20Beach,https://www.tripadvisor.com/Search?q=Kitesurf%20course%20Kite%20Beach,Kitesurf course,Something to get good at,3,carousel · candid,"a real visitor photo — people in frame, imperfect light",No attributable high-resolution visitor photograph could be traced from the discovery page; results were thumbnails or unrelated recreational riders.,,,
kitesurf-04.jpg,not_found,waived,,https://www.instagram.com/explore/tags/kitesurfcourse,https://www.instagram.com/explore/tags/kitesurfcourse,Kitesurf course,Something to get good at,4,carousel · candid,"something from the venue's own Instagram, or a tagged post",The guessed Instagram tag was inaccessible and no distinct attributable exact-course post could be verified beyond the two official school images.,,,
efoil-01.jpg,downloaded,selected,https://www.dubaiefoil.ae/static/img/image6.jpg,https://www.dubaiefoil.ae/,https://seawake.ae/,E-foil lesson,Something to get good at,1,hero · official,the signature wide shot,Attributable Dubai specialist lesson photograph substituted for Seawake's generic service tile: an instructor supports a first-time rider on the foil in a wide water-level composition.,1920,1080,168074
efoil-02.jpg,downloaded,selected,https://www.dubaiefoil.com/assets/water-chat-Uq9zNrts.jpg,https://www.dubaiefoil.com/,https://seawake.ae/,E-foil lesson,Something to get good at,2,carousel · official,"a second angle — interior, or the thing itself close up",Attributable exact Dubai lesson-process photograph: an instructor briefs two riders beside their boards in the water.,1080,1433,122749
efoil-03.jpg,downloaded,selected,https://www.dubaiefoil.com/assets/two-riders-BUkLDDJ9.jpg,https://www.dubaiefoil.com/,https://www.tripadvisor.com/Search?q=E-foil%20lesson%20The%20Palm,E-foil lesson,Something to get good at,3,carousel · candid,"a real visitor photo — people in frame, imperfect light",Attributable exact Dubai session photograph substituted for unverifiable TripAdvisor discovery; two riders practice together at sunset.,1080,1440,199929
smartgate-01.jpg,downloaded,selected,https://smgtdj.com/media/home/hero-poster.webp,https://smgtdj.com/school,https://smgtdj.com/school,Smart Gate · DJ trial,Something to get good at,1,hero · official,the signature wide shot,Exact-school official hero photograph; overhead hands-on-vinyl composition under saturated red light.,1500,844,118729
smartgate-02.jpg,downloaded,selected,https://smgtdj.com/media/home/studio.jpg,https://smgtdj.com/school,https://smgtdj.com/school,Smart Gate · DJ trial,Something to get good at,2,carousel · official,"a second angle — interior, or the thing itself close up",Exact-school official clean studio photograph; hands work a blue-lit DJ controller at close range with no caption or overlay.,2000,1154,167577
smartgate-03.jpg,not_found,waived,,https://www.tripadvisor.com/Search?q=Smart%20Gate%20%C2%B7%20DJ%20trial%20Business%20Bay,https://www.tripadvisor.com/Search?q=Smart%20Gate%20%C2%B7%20DJ%20trial%20Business%20Bay,Smart Gate · DJ trial,Something to get good at,3,carousel · candid,"a real visitor photo — people in frame, imperfect light",The review search yielded no attributable high-resolution candid; the remaining exact-school student frame was only 480×854 and carried a baked-in social caption.,,,
jamesalex-01.jpg,downloaded,selected,https://www.salsavida.com/wp-content/uploads/2026/03/james-038-alex-studio-8211-weekly-salsa-program-23268-06.webp,https://www.salsavida.com/event/united-arab-emirates/dubai/james-alex-studio-weekly-salsa-program/,https://jamesandalex.com/classes/adult-classes/,Salsa or bachata drop-in,Something to get good at,1,hero · official,the signature wide shot,Exact James & Alex studio class photograph carried by the current Salsa Vida event listing; chosen because the official image host returned repeated 522 errors. Wide group instruction conveys the drop-in atmosphere.,1400,933,197650
jamesalex-02.jpg,downloaded,selected,https://www.salsavida.com/wp-content/uploads/2026/03/james-038-alex-studio-8211-weekly-salsa-program-23268-03.webp,https://www.salsavida.com/event/united-arab-emirates/dubai/james-alex-studio-weekly-salsa-program/,https://jamesandalex.com/classes/adult-classes/,Salsa or bachata drop-in,Something to get good at,2,carousel · official,"a second angle — interior, or the thing itself close up",Exact James & Alex studio class photograph from the attributable event listing; smiling participants practice partner steps in the mirrored studio.,960,640,91868
jamesalex-03.jpg,not_found,waived,,https://www.tripadvisor.com/Search?q=Salsa%20or%20bachata%20drop-in%20Al%20Quoz,https://www.tripadvisor.com/Search?q=Salsa%20or%20bachata%20drop-in%20Al%20Quoz,Salsa or bachata drop-in,Something to get good at,3,carousel · candid,"a real visitor photo — people in frame, imperfect light",The review search yielded no attributable clean candid; the only distinct exact-studio alternative carried a large opaque James & Alex watermark.,,,
palais-01.jpg,downloaded,selected,https://cdn.prod.website-files.com/5ede58de08f10b7894615348/66fe99c2f1bd5a87719096d8_Salsa%20class%20near%20me%20dance%20studio%20dubai.webp,https://www.palaisdedanse.com/,https://www.palaisdedanse.com/buy-class,Palais de Danse · private trial,Something to get good at,1,hero · official,the signature wide shot,Exact-venue official private salsa lesson photograph; a couple in a dramatic dip on the Palais studio floor.,2000,1334,204689
palais-02.jpg,downloaded,selected,https://cdn.prod.website-files.com/5ede58de08f10b7894615348/66fe99c260ff5c26272b3961_Cha%20cha%20cha%20dance%20in%20dubai%20professional%20latin%20ballroom%20instructor.webp,https://www.palaisdedanse.com/,https://www.palaisdedanse.com/buy-class,Palais de Danse · private trial,Something to get good at,2,carousel · official,"a second angle — interior, or the thing itself close up",Exact-venue official clean Latin-dance portrait; cropped to a 16:9 upper-body partner hold so both faces remain safe in the wide gallery frame.,1633,919,102268
palais-03.jpg,not_found,waived,,https://www.tripadvisor.com/Search?q=Palais%20de%20Danse%20%C2%B7%20private%20trial%20Jumeirah,https://www.tripadvisor.com/Search?q=Palais%20de%20Danse%20%C2%B7%20private%20trial%20Jumeirah,Palais de Danse · private trial,Something to get good at,3,carousel · candid,"a real visitor photo — people in frame, imperfect light",The review search produced no attributable clean candid; the remaining distinct official coaching frame carried an opaque monogram watermark.,,,
gpp-01.jpg,downloaded,selected,https://gulfphotoplus.com/cdn/shop/files/C1OM9453.jpg?v=1706595520&width=1600,https://gulfphotoplus.com/products/smartphone-photography-editing,https://gulfphotoplus.com/products/smartphone-photography-editing,Smartphone photography,Something to get good at,1,hero · official,the signature wide shot,Exact-workshop official GPP hero; participants frame a model with phones against an Alserkal mural.,1600,1067,298202
gpp-02.jpg,downloaded,selected,https://gulfphotoplus.com/cdn/shop/files/C1OM9544.jpg?v=1706595537&width=1600,https://gulfphotoplus.com/products/smartphone-photography-editing,https://gulfphotoplus.com/products/smartphone-photography-editing,Smartphone photography,Something to get good at,2,carousel · official,"a second angle — interior, or the thing itself close up",Exact-workshop official GPP detail; hands use the phone camera grid and exposure controls against a textured wall.,1600,1067,180169
gpp-03.jpg,downloaded,selected,https://gulfphotoplus.com/cdn/shop/files/C1OM9572.jpg?v=1706595574&width=1600,https://gulfphotoplus.com/products/smartphone-photography-editing,https://www.tripadvisor.com/Search?q=Smartphone%20photography%20Alserkal%20Avenue,Smartphone photography,Something to get good at,3,carousel · candid,"a real visitor photo — people in frame, imperfect light",Exact-workshop official GPP group candid substituted for unverifiable TripAdvisor discovery; participants review a phone mounted on a tripod.,1600,1067,318418
wakeboard-01.jpg,downloaded,selected,https://seawake.ae/wp-content/uploads/2025/04/wakeboard5-1920w.jpeg,https://seawake.ae/services/,https://seawake.ae/,Wakeboard or wakesurf,Something to get good at,1,hero · official,the signature wide shot,Exact-provider official SeaWake wakeboarding photograph; a rider carves cleanly across open Dubai water.,1920,1280,282160
wakeboard-02.jpg,downloaded,selected,https://www.wakesurfdubai.com/assets/action-surf-BHQvZl64.jpg,https://www.wakesurfdubai.com/#gallery,https://seawake.ae/,Wakeboard or wakesurf,Something to get good at,2,carousel · official,"a second angle — interior, or the thing itself close up",Attributable exact Dubai wakesurf gallery photograph supplements SeaWake's duplicate-heavy gallery; a rider balances rope-free on the wake.,1920,1280,355062
wakeboard-03.jpg,downloaded,selected,https://www.wakesurfdubai.com/assets/action-malibu-Ce9OBIds.jpg,https://www.wakesurfdubai.com/#gallery,https://www.tripadvisor.com/Search?q=Wakeboard%20or%20wakesurf%20Marina,Wakeboard or wakesurf,Something to get good at,3,carousel · candid,"a real visitor photo — people in frame, imperfect light",Attributable exact Dubai wakesurf session substituted for unverifiable TripAdvisor discovery; boat and rider against the Marina skyline establish scale and place.,1920,1280,482335
skydive-01.jpg,downloaded,selected,https://cdn.prod.website-files.com/65f00869733520542e4a566f/66b0667c9c4028af44c4c563_tandem%20thumbnail.avif,https://www.skydivedubai.ae/experiences/tandem-skydive,https://www.skydivedubai.ae/experiences/tandem-skydive,Skydive the Palm,Adrenaline,1,hero · official,the signature wide shot,Exact-experience official photograph of a tandem pair over Palm Jumeirah; center-cropped from the high-resolution source to a flexible 16:9 hero.,2000,1125,389207
skydive-02.jpg,downloaded,selected,https://cdn.prod.website-files.com/65f00869733520542e4a566f/6697affb2f303fd3e18bba54_TANDEM%20SKYDIVE%20bg.avif,https://www.skydivedubai.ae/experiences/tandem-skydive,https://www.skydivedubai.ae/experiences/tandem-skydive,Skydive the Palm,Adrenaline,2,carousel · official,"a second angle — interior, or the thing itself close up",Exact-experience official aircraft-exit photograph; participant and instructor fall away from the plane in a compact action composition.,1440,1488,147706
skydive-03.jpg,downloaded,selected,https://cdn.prod.website-files.com/65f00869733520542e4a566f%2F66acea7368676960fe0ebdee_TANDEM%20WEB%201080-poster-00001.jpg,https://www.skydivedubai.ae/experiences/tandem-skydive,https://www.tripadvisor.com/Search?q=Skydive%20the%20Palm%20Skydive%20Dubai%2C%20Marina,Skydive the Palm,Adrenaline,3,carousel · candid,"a real visitor photo — people in frame, imperfect light",Exact-experience official video still substituted for unverifiable TripAdvisor discovery; an unscripted moment inside the aircraft before exit.,1280,720,98261
skydive-04.jpg,not_found,waived,,https://www.instagram.com/explore/tags/skydivethepalm,https://www.instagram.com/explore/tags/skydivethepalm,Skydive the Palm,Adrenaline,4,carousel · candid,"something from the venue's own Instagram, or a tagged post",The discovery tag was inaccessible and no distinct attributable original could be verified beyond the three stronger official experience assets.,,,
skydive-05.jpg,not_found,waived,,https://www.google.com/search?tbm=isch&q=Skydive%20the%20Palm%20Skydive%20Dubai%2C%20Marina%20photos,https://www.google.com/search?tbm=isch&q=Skydive%20the%20Palm%20Skydive%20Dubai%2C%20Marina%20photos,Skydive the Palm,Adrenaline,5,carousel · any,whatever else is genuinely good,Search results were duplicates or unattributable thumbnails; retaining a focused three-image official sequence avoids redundant freefall angles.,,,
xline-01.jpg,downloaded,selected,https://cdn.prod.website-files.com/66f3f367e51b7dd0aae9f688/6a1e73ce2d75a046cc8d91c8_2b00458a8594a328d3e50935ab1a11d0_OG_xline.webp,https://www.xdubai.com/x-line,https://www.xdubai.com/x-line,XLine Dubai Marina,Adrenaline,1,hero · official,the signature wide shot,Exact-experience official XLine action photograph; rider and Marina towers fill a dynamic wide composition.,1200,630,107738
xline-02.jpg,downloaded,selected,https://cdn.prod.website-files.com/6703b6a3fee6f064f7af5c05/6819cf82b26352cf4eb62645_Card-Xline.avif,https://www.xdubai.com/x-line,https://www.xdubai.com/x-line,XLine Dubai Marina,Adrenaline,2,carousel · official,"a second angle — interior, or the thing itself close up",Exact-experience official post-ride portrait; two adult participants in camera harnesses celebrate above Dubai Marina.,733,885,60677
xline-03.jpg,downloaded,selected,https://cdn.prod.website-files.com/6703b6a3fee6f064f7af5c05/68590cd9c8aaf877a171c0c6_Xline%20young.avif,https://www.xdubai.com/x-line,https://www.tripadvisor.com/Search?q=XLine%20Dubai%20Marina%20Dubai%20Marina,XLine Dubai Marina,Adrenaline,3,carousel · candid,"a real visitor photo — people in frame, imperfect light",Exact-experience official participant portrait substituted for unverifiable TripAdvisor discovery; joyful young rider with helmet and Marina backdrop.,734,885,93935
xline-04.jpg,not_found,waived,,https://www.instagram.com/explore/tags/xlinedubaimarina,https://www.instagram.com/explore/tags/xlinedubaimarina,XLine Dubai Marina,Adrenaline,4,carousel · candid,"something from the venue's own Instagram, or a tagged post",The guessed Instagram discovery tag was inaccessible and the remaining official page assets were maps or unrelated XDubai activities.,,,
jaisflight-01.jpg,downloaded,selected,https://visitrasalkhaimah.com/wp-content/uploads/2019/07/Jebel-Jais-Flight-scaled.jpg,https://visitrasalkhaimah.com/discover/activities/jais-flight/,https://visitjebeljais.com/adrenaline/jais-flight/,Jais Flight,Adrenaline,1,hero · official,the signature wide shot,Exact-attraction official tourism photograph; rider launches over the Hajar Mountains in a clean panoramic composition.,2000,1125,263840
jaisflight-02.jpg,downloaded,selected,https://visitrasalkhaimah.com/wp-content/uploads/2019/07/Jebel-Jais-Flight-Worlds-Longest-Zipline-Launch-Platform.jpg,https://visitrasalkhaimah.com/discover/activities/jais-flight/,https://visitjebeljais.com/adrenaline/jais-flight/,Jais Flight,Adrenaline,2,carousel · official,"a second angle — interior, or the thing itself close up",Exact-attraction official launch-platform photograph; staff secure a rider while the next participant watches.,2000,1335,418018
jaisflight-03.jpg,downloaded,selected,https://visitrasalkhaimah.com/wp-content/uploads/2019/07/Jebel-Jais-Flight-Worlds-Longest-Zipline-Setting-up.jpg,https://visitrasalkhaimah.com/discover/activities/jais-flight/,https://www.tripadvisor.com/Search?q=Jais%20Flight%20Jebel%20Jais%2C%20RAK,Jais Flight,Adrenaline,3,carousel · candid,"a real visitor photo — people in frame, imperfect light",Exact-attraction official preparation candid substituted for unverifiable TripAdvisor discovery; staff fit a participant's harness indoors.,2000,1335,271025
jaisflight-04.jpg,downloaded,selected,https://visitjebeljais.com/hubfs/Jebel_Jais_2025/Images/Auguest_images/Jais%20Flight/Gallery.webp?hsLang=en,https://visitjebeljais.com/play,https://www.instagram.com/explore/tags/jaisflight,Jais Flight,Adrenaline,4,carousel · candid,"something from the venue's own Instagram, or a tagged post",Current official Jebel Jais gallery photograph substituted for inaccessible Instagram discovery; the rider is eased into the prone launch rig.,1619,1080,304959
viaferrata-01.jpg,downloaded,selected,https://visitrasalkhaimah.com/wp-content/uploads/2019/07/Untitled-design.jpg,https://visitrasalkhaimah.com/discover/activities/via-ferrata/,https://visitjebeljais.com/adrenaline/jais-via-ferrata/,Jais Via Ferrata,Adrenaline,1,hero · official,the signature wide shot,Exact-attraction official tourism photograph; a lone climber traverses the vast rust-coloured rock face on a fixed cable.,2000,1335,488623
viaferrata-02.jpg,downloaded,selected,https://visitrasalkhaimah.com/wp-content/uploads/2019/07/Via-Ferrata-hiking-scaled.jpg,https://visitrasalkhaimah.com/discover/activities/via-ferrata/,https://visitjebeljais.com/adrenaline/jais-via-ferrata/,Jais Via Ferrata,Adrenaline,2,carousel · official,"a second angle — interior, or the thing itself close up",Exact-attraction official action photograph; a roped group climbs the rugged gully in single file.,2000,1334,741452
viaferrata-03.jpg,downloaded,selected,https://visitrasalkhaimah.com/wp-content/uploads/2019/07/Via-Ferrata-Ras-Al-Khaimah.jpg,https://visitrasalkhaimah.com/discover/activities/via-ferrata/,https://www.tripadvisor.com/Search?q=Jais%20Via%20Ferrata%20Jebel%20Jais%2C%20RAK,Jais Via Ferrata,Adrenaline,3,carousel · candid,"a real visitor photo — people in frame, imperfect light",Exact-attraction official group photograph substituted for unverifiable TripAdvisor discovery; the wider cliff view conveys route scale.,2000,1100,511867
viaferrata-04.jpg,not_found,waived,,https://www.instagram.com/explore/tags/jaisviaferrata,https://www.instagram.com/explore/tags/jaisviaferrata,Jais Via Ferrata,Adrenaline,4,carousel · candid,"something from the venue's own Instagram, or a tagged post",The guessed Instagram tag was inaccessible and no additional distinct high-resolution exact-route image could be attributed beyond the official three-photo set.,,,
waterkarting-01.jpg,downloaded,selected,https://monster-experience.com/wp-content/uploads/2025/11/DSC08822-2-2-1752x2048.jpg,https://monster-experience.com/go-karting-dubai/,https://monster-experience.com/go-karting-dubai/,Water karting,Adrenaline,1,hero · official,the signature wide shot,Exact-activity official action photograph of Monster Experience's water-course e-jet; center-cropped from the vertical source to a flexible 16:9 hero.,1752,986,189838
waterkarting-02.jpg,downloaded,selected,https://monster-experience.com/wp-content/uploads/2025/11/DSC09031-scaled.jpg,https://monster-experience.com/go-karting-dubai/,https://monster-experience.com/go-karting-dubai/,Water karting,Adrenaline,2,carousel · official,"a second angle — interior, or the thing itself close up",Exact-venue official wide photograph of the inflatable water-kart course set against the Al Badayer dunes.,2000,1336,343311
waterkarting-03.jpg,not_found,waived,,https://www.tripadvisor.com/Search?q=Water%20karting%20Al%20Badayer%2C%20Sharjah,https://www.tripadvisor.com/Search?q=Water%20karting%20Al%20Badayer%2C%20Sharjah,Water karting,Adrenaline,3,carousel · candid,"a real visitor photo — people in frame, imperfect light",The discovery results yielded no attributable high-resolution visitor photograph; the operator page has only one distinct action frame plus the course overview.,,,
ifly-01.jpg,downloaded,selected,https://i.ytimg.com/vi/xP6GzL10fTk/maxresdefault.jpg,https://www.iflyme.com/en,https://www.google.com/search?tbm=isch&q=Indoor%20skydiving%20Dubai,Indoor skydiving,Adrenaline,1,hero · official,the signature wide shot,High-resolution action still from a video embedded by iFLY Dubai; a flyer enters cleanly toward the instructor against the red tunnel curtain with no logo overlay or obstructing foreground.,1280,720,85990
ifly-02.jpg,downloaded,selected,https://i.ytimg.com/vi/2BxXW9r30Gk/maxresdefault.jpg,https://www.iflyme.com/en,https://www.google.com/search?tbm=isch&q=Indoor%20skydiving%20Dubai,Indoor skydiving,Adrenaline,2,carousel · official,"a second angle — interior, or the thing itself close up",High-resolution exact-venue action still from a video embedded by iFLY Dubai; three red-suited flyers share the wind tunnel.,1280,720,128896
ifly-03.jpg,downloaded,selected,https://i.ytimg.com/vi/uhgplDTLucQ/maxresdefault.jpg,https://www.iflyme.com/en,https://www.tripadvisor.com/Search?q=Indoor%20skydiving%20Mirdif%20%2F%20Yas%20Island,Indoor skydiving,Adrenaline,3,carousel · candid,"a real visitor photo — people in frame, imperfect light",Exact-venue child-flyer close-up from a video embedded on the official site substituted for unverifiable review imagery.,1280,720,76014
clymb-01.jpg,downloaded,selected,https://static.myconnect.ae/-/media/yasconnect/project/clymb/new-clymb2023/home-page/pro-clymb/1500x964-bannercard.jpg,https://www.clymbabudhabi.com/en/explore/indoor-climbing,https://tickets.clymbabudhabi.com/climbing-experience,CLYMB Abu Dhabi,Adrenaline,1,hero · official,the signature wide shot,Exact-venue official climbing action photograph; center-cropped to a flexible 16:9 hero while preserving the climber and monumental wall.,1500,844,181672
clymb-02.jpg,downloaded,selected,https://static.myconnect.ae/-/media/yasconnect/project/clymb/blogs/winter-activities/skydiving-article.jpg,https://www.clymbabudhabi.com/en/events/indoor-activities-abu-dhabi,https://tickets.clymbabudhabi.com/climbing-experience,CLYMB Abu Dhabi,Adrenaline,2,carousel · official,"a second angle — interior, or the thing itself close up",Clean single-frame official CLYMB photograph; a child flies inside the transparent chamber while helmeted participants watch from the edge.,800,451,90566
clymb-03.jpg,downloaded,selected,https://static.myconnect.ae/-/media/yasconnect/project/clymb/new-clymb2023/home-page/pro-flyer/1500x964-11hoursplus.jpg,https://www.clymbabudhabi.com/en/explore/indoor-skydiving,https://www.tripadvisor.com/Search?q=CLYMB%20Abu%20Dhabi%20Yas%20Island%2C%20Abu%20Dhabi,CLYMB Abu Dhabi,Adrenaline,3,carousel · candid,"a real visitor photo — people in frame, imperfect light",Official exact-venue preparation line substituted for inaccessible review imagery; helmeted flyers wait together before entering the chamber.,1500,964,79723
clymb-04.jpg,downloaded,selected,https://static.myconnect.ae/-/media/yasconnect/project/clymb/new-clymb2023/new-products/the-summity/1500x964.jpg,https://www.clymbabudhabi.com/en/explore/indoor-climbing,https://www.instagram.com/explore/tags/clymbabudhabi,CLYMB Abu Dhabi,Adrenaline,4,carousel · candid,"something from the venue's own Instagram, or a tagged post",Clean single-frame official CLYMB photograph substituted for the inaccessible Instagram tag; the towering SUMMYT wall provides a differentiated sense of interior scale.,1500,964,120989
jetski-01.jpg,downloaded,selected,https://www.dubai-jetski.com/wp-content/uploads/2020/07/image00019-scaled.jpeg,https://www.dubai-jetski.com/our-activities/jet-ski/,https://www.google.com/search?tbm=isch&q=Jet%20ski%20along%20the%20coast%20Dubai,Jet ski along the coast,Adrenaline,1,hero · official,the signature wide shot,Exact-activity Nemo Watersports photograph with riders and the Burj Al Arab; center-cropped to 16:9 for a strong Dubai-specific hero.,2000,1125,260875
jetski-02.jpg,downloaded,selected,https://www.dubai-jetski.com/wp-content/uploads/2020/07/image00007-scaled.jpeg,https://www.dubai-jetski.com/our-activities/jet-ski/,https://www.google.com/search?tbm=isch&q=Jet%20ski%20along%20the%20coast%20Dubai,Jet ski along the coast,Adrenaline,2,carousel · official,"a second angle — interior, or the thing itself close up",Exact-operator gallery photograph of a two-person jet ski carving through spray against the Dubai shoreline.,2000,1125,497237
jetski-03.jpg,downloaded,selected,https://www.dubai-jetski.com/wp-content/uploads/2020/07/image00027-scaled.jpeg,https://www.dubai-jetski.com/our-activities/jet-ski/,https://www.tripadvisor.com/Search?q=Jet%20ski%20along%20the%20coast%20JBR%20%2F%20Kite%20Beach,Jet ski along the coast,Adrenaline,3,carousel · candid,"a real visitor photo — people in frame, imperfect light",Exact-operator customer photograph substituted for unverifiable review-image discovery; a rider poses on the water with the Burj Al Arab behind him.,2000,1500,327895
flyboard-01.jpg,downloaded,selected,https://www.dubai-jetski.com/wp-content/uploads/2020/07/image00010-scaled.jpeg,https://www.dubai-jetski.com/our-activities/flyboard-dubai/,https://www.google.com/search?tbm=isch&q=Flyboard%20Dubai,Flyboard,Adrenaline,1,hero · official,the signature wide shot,Exact-activity Nemo Watersports action photograph; center-cropped to 16:9 around the airborne rider and Dubai coast.,1440,810,113622
flyboard-02.jpg,downloaded,selected,https://www.dubai-jetski.com/wp-content/uploads/2020/09/image00001-scaled.jpeg,https://www.dubai-jetski.com/our-activities/flyboard-dubai/,https://www.google.com/search?tbm=isch&q=Flyboard%20Dubai,Flyboard,Adrenaline,2,carousel · official,"a second angle — interior, or the thing itself close up",Exact-operator action photograph of a rider arcing above a high plume of water.,1500,2000,210808
flyboard-03.jpg,downloaded,selected,https://www.dubai-jetski.com/wp-content/uploads/2020/07/fly014.jpg,https://www.dubai-jetski.com/our-activities/flyboard-dubai/,https://www.tripadvisor.com/Search?q=Flyboard%20JBR%20%2F%20The%20Palm,Flyboard,Adrenaline,3,carousel · candid,"a real visitor photo — people in frame, imperfect light",Exact-operator customer action frame substituted for unverifiable review imagery; a beginner steadies above the board at close range.,2000,1946,238453
parasail-01.jpg,downloaded,selected,https://www.dubai-jetski.com/wp-content/uploads/2022/01/Parasailing-3-2048x1152.jpg,https://www.dubai-jetski.com/our-activities/parasailing/,https://www.google.com/search?tbm=isch&q=Parasailing%20Dubai,Parasailing,Adrenaline,1,hero · official,the signature wide shot,Exact-activity Nemo Watersports photograph of a tandem pair in flight beside the Burj Al Arab.,2000,1125,242683
parasail-02.jpg,downloaded,selected,https://www.dubai-jetski.com/wp-content/uploads/2026/07/02.png,https://www.dubai-jetski.com/our-activities/parasailing/,https://www.google.com/search?tbm=isch&q=Parasailing%20Dubai,Parasailing,Adrenaline,2,carousel · official,"a second angle — interior, or the thing itself close up",Exact-operator waterline action photograph with the UAE canopy overhead and Dubai skyline receding behind the riders.,1344,768,183692
parasail-03.jpg,downloaded,selected,https://www.dubai-jetski.com/wp-content/uploads/2026/07/parasailing1-scaled.jpg,https://www.dubai-jetski.com/our-activities/parasailing/,https://www.tripadvisor.com/Search?q=Parasailing%20JBR%20%2F%20The%20Palm,Parasailing,Adrenaline,3,carousel · candid,"a real visitor photo — people in frame, imperfect light",Exact-operator customer close-up substituted for unverifiable review imagery; the harness and tow rig make the experience tangible.,1697,2000,421000
xpark-01.jpg,downloaded,selected,https://cdn.prod.website-files.com/6703b6a3fee6f064f7af5c05/6819d585f41d07ae71560c5e_xPark04.avif,https://www.xdubai.com/x-park-dubai,https://unsplash.com/s/photos/beach-ropes-course-at-dusk,XPark,Adrenaline,1,hero · category,beach ropes course at dusk,Exact current XPark Dubai official action photograph supersedes the manifest's outdated representative-image note; a skateboarder performs an inverted aerial beneath the park's shade sails.,734,885,54296
xpark-02.jpg,downloaded,selected,https://cdn.prod.website-files.com/6703b6a3fee6f064f7af5c05/6863e0daa1d85be135c7b1f6_Card%20Updated%20(1).avif,https://www.xdubai.com/x-park-dubai,https://www.google.com/search?tbm=isch&q=beach%20ropes%20course%20at%20dusk%20Dubai,XPark,Adrenaline,2,carousel · category,"beach ropes course at dusk, Dubai if possible",Exact current venue photograph from XPark's official experience grid; two harnessed visitors race up the outdoor climbing wall.,733,885,72502
xpark-03.jpg,added,selected,https://cdn.prod.website-files.com/66f3f367e51b7dd0aae9f688/6a1d8a6ee964fda0b025156b_dd72cfded30ff13ab874904913738b84_OG_X_park_dubai.webp,https://www.xdubai.com/x-park-dubai,,XPark,Adrenaline,3,carousel · official,a differentiated additional venue context,Additional exact-venue official photograph; families and riders gather at the bike registration area beside XPark's outdoor obstacles.,1200,630,204879
aquaventure-01.jpg,downloaded,selected,https://upload.wikimedia.org/wikipedia/commons/thumb/b/b4/Aquaventure_Waterpark-Dubai_UAE-Andres_Larin.jpg/1920px-Aquaventure_Waterpark-Dubai_UAE-Andres_Larin.jpg?utm_source=commons.wikimedia.org&utm_campaign=imageinfo&utm_content=thumbnail,https://commons.wikimedia.org/wiki/File:Aquaventure_Waterpark-Dubai_UAE-Andres_Larin.jpg,https://www.atlantis.com/dubai/experiences,Aquaventure,Rides and slides,1,hero · official,the signature wide shot,Wikimedia Commons visitor panorama; exact park context and strongest wide overview.,1920,1440,992726
aquaventure-02.jpg,downloaded,selected,https://upload.wikimedia.org/wikipedia/commons/thumb/7/79/Aquaventure._The_Atlantis%2C_Dubai_%288973483064%29.jpg/1920px-Aquaventure._The_Atlantis%2C_Dubai_%288973483064%29.jpg?utm_source=commons.wikimedia.org&utm_campaign=imageinfo&utm_content=thumbnail,"https://commons.wikimedia.org/wiki/File:Aquaventure._The_Atlantis,_Dubai_(8973483064).jpg",https://www.atlantis.com/dubai/experiences,Aquaventure,Rides and slides,2,carousel · official,"a second angle — interior, or the thing itself close up",Wikimedia Commons visitor photograph by Fabio Achilli; lagoon and slide-tower context.,1920,1352,938946
aquaventure-03.jpg,downloaded,selected,https://upload.wikimedia.org/wikipedia/commons/thumb/2/28/Aquaventure._The_Atlantis%2C_Dubai_%288973483200%29.jpg/1920px-Aquaventure._The_Atlantis%2C_Dubai_%288973483200%29.jpg?utm_source=commons.wikimedia.org&utm_campaign=imageinfo&utm_content=thumbnail,"https://commons.wikimedia.org/wiki/File:Aquaventure._The_Atlantis,_Dubai_(8973483200).jpg",https://www.tripadvisor.com/Search?q=Aquaventure%20Atlantis%2C%20The%20Palm,Aquaventure,Rides and slides,3,carousel · candid,"a real visitor photo — people in frame, imperfect light",Wikimedia Commons visitor photograph by Fabio Achilli; colorful family slide complex with guests.,1920,1363,982720
aquaventure-04.jpg,downloaded,selected,https://upload.wikimedia.org/wikipedia/commons/thumb/b/b0/Atlantis_Aquapark.JPG/1920px-Atlantis_Aquapark.JPG?utm_source=commons.wikimedia.org&utm_campaign=imageinfo&utm_content=thumbnail,https://commons.wikimedia.org/wiki/File:Atlantis_Aquapark.JPG,https://www.instagram.com/explore/tags/aquaventure,Aquaventure,Rides and slides,4,carousel · candid,"something from the venue's own Instagram, or a tagged post",Wikimedia Commons visitor photograph by Rokaszil; foliage-framed tower view substituted for inaccessible social source.,1920,1277,469927
aquaventure-05.jpg,downloaded,selected,https://upload.wikimedia.org/wikipedia/commons/thumb/5/5a/Aquaventure_Beach-Dubai_UAE-Andres_Larin.jpg/1920px-Aquaventure_Beach-Dubai_UAE-Andres_Larin.jpg?utm_source=commons.wikimedia.org&utm_campaign=imageinfo&utm_content=thumbnail,https://commons.wikimedia.org/wiki/File:Aquaventure_Beach-Dubai_UAE-Andres_Larin.jpg,https://www.google.com/search?tbm=isch&q=Aquaventure%20Atlantis%2C%20The%20Palm%20photos,Aquaventure,Rides and slides,5,carousel · any,whatever else is genuinely good,Wikimedia Commons visitor photograph; quiet private-beach counterpoint to the ride imagery.,1920,1440,684131
yaswaterworld-01.jpg,downloaded,selected,https://static.myconnect.ae/-/media/yasconnect/project/yww/yww-phase2/smarthero/ext-1200x675-4.jpg,https://www.yaswaterworld.com/en/rides,https://www.yaswaterworld.com/,Yas Waterworld,Rides and slides,1,hero · official,the signature wide shot,Official Yas Waterworld rides-page photograph; crop-safe 16:9 raft action with guests and the waterpark clearly visible behind them.,1200,675,192938
yaswaterworld-02.jpg,downloaded,selected,https://static.myconnect.ae/-/media/yasconnect/project/yww/home/smart-hero/bandits-bomberl-new-1366x410.jpg,https://www.yaswaterworld.com/,https://www.yaswaterworld.com/,Yas Waterworld,Rides and slides,2,carousel · official,"a second angle — interior, or the thing itself close up",Official Yas Waterworld CDN; Bandit Bomber coaster action.,1366,410,87258
yaswaterworld-03.jpg,downloaded,selected,https://static.myconnect.ae/-/media/yasconnect/project/yww/rides/rides-new/falcons-falaj--1200x675.jpg,https://www.yaswaterworld.com/,https://www.tripadvisor.com/Search?q=Yas%20Waterworld%20Yas%20Island%2C%20Abu%20Dhabi,Yas Waterworld,Rides and slides,3,carousel · candid,"a real visitor photo — people in frame, imperfect light",Official Yas Waterworld CDN; close group raft action substitutes for inaccessible review photography.,1200,675,196648
yaswaterworld-04.jpg,downloaded,selected,https://static.myconnect.ae/-/media/yasconnect/project/yww/home/1366x410/slithers-1366x410.jpg,https://www.yaswaterworld.com/,https://www.instagram.com/explore/tags/yaswaterworld,Yas Waterworld,Rides and slides,4,carousel · candid,"something from the venue's own Instagram, or a tagged post",Official Yas Waterworld CDN; wide Slither Slides action substitutes for inaccessible social source.,1366,410,127060
imgworlds-01.jpg,downloaded,selected,https://cms.imgworlds.com/assets/411490cf-cb8e-4cb6-900f-a5a80600704b.jpg,https://www.imgworlds.com/zones/the-haunted-town,https://www.imgworlds.com/events,IMG Worlds · Haunted Town,Rides and slides,1,hero · official,the signature wide shot,Official IMG Worlds CMS photograph; exact Haunted Hotel scene with actors and frightened guests.,2000,1487,359046
imgworlds-02.jpg,downloaded,selected,https://cms.imgworlds.com/assets/22227f8e-5a4c-4e57-9d9e-7ad2d267173b.jpg,https://www.imgworlds.com/zones/the-haunted-town,https://www.imgworlds.com/events,IMG Worlds · Haunted Town,Rides and slides,2,carousel · official,"a second angle — interior, or the thing itself close up",Official IMG Worlds CMS photograph; exact Haunted Hotel Store interior.,2000,1333,469213
imgworlds-03.jpg,downloaded,selected,https://upload.wikimedia.org/wikipedia/commons/thumb/5/5d/IMG_Worlds_of_Adventure.jpg/1920px-IMG_Worlds_of_Adventure.jpg?utm_source=commons.wikimedia.org&utm_campaign=imageinfo&utm_content=thumbnail,https://commons.wikimedia.org/wiki/File:IMG_Worlds_of_Adventure.jpg,https://www.tripadvisor.com/Search?q=IMG%20Worlds%20%C2%B7%20Haunted%20Town%20City%20of%20Arabia,IMG Worlds · Haunted Town,Rides and slides,3,carousel · candid,"a real visitor photo — people in frame, imperfect light",Wikimedia Commons visitor photograph by Jeremy Thompson; dark IMG Worlds interior context substituted because the 2026 event has not occurred.,1920,1280,344143
imgworlds-04.jpg,downloaded,selected,https://www.imgworlds.com/_next/static/media/bg.0d8dc893.jpg,https://www.imgworlds.com/zones/the-haunted-town,https://www.instagram.com/explore/tags/imgworldshauntedtown,IMG Worlds · Haunted Town,Rides and slides,4,carousel · candid,"something from the venue's own Instagram, or a tagged post",Official Haunted Town zone background showing the Haunted Hotel exterior; stylized prior-season context substituted for expiring social imagery.,2000,1476,213693
wildwadi-01.jpg,downloaded,selected,https://upload.wikimedia.org/wikipedia/commons/thumb/3/38/Wild_Wadi_Water_Park_Dubai_%2842447604472%29.jpg/1920px-Wild_Wadi_Water_Park_Dubai_%2842447604472%29.jpg?utm_source=commons.wikimedia.org&utm_campaign=imageinfo&utm_content=thumbnail,https://commons.wikimedia.org/wiki/File:Wild_Wadi_Water_Park_Dubai_(42447604472).jpg,https://www.wildwadi.com/en,Wild Wadi,Rides and slides,1,hero · official,the signature wide shot,Wikimedia Commons visitor photograph by Jeremy Thompson; strongest crop-friendly overview of the full slide complex.,1920,1280,698176
wildwadi-02.jpg,downloaded,selected,https://upload.wikimedia.org/wikipedia/commons/thumb/6/65/Wild_Wadi_Water_Park_Dubai_%2842448081332%29.jpg/1920px-Wild_Wadi_Water_Park_Dubai_%2842448081332%29.jpg?utm_source=commons.wikimedia.org&utm_campaign=imageinfo&utm_content=thumbnail,https://commons.wikimedia.org/wiki/File:Wild_Wadi_Water_Park_Dubai_(42448081332).jpg,https://www.wildwadi.com/en,Wild Wadi,Rides and slides,2,carousel · official,"a second angle — interior, or the thing itself close up",Wikimedia Commons visitor photograph by Jeremy Thompson; tight FlowRider action substitutes for the inaccessible official gallery.,1920,1280,550831
wildwadi-03.jpg,downloaded,selected,https://upload.wikimedia.org/wikipedia/commons/thumb/7/76/Wild_Wadi_Water_Park_Dubai_%2842447702462%29.jpg/1920px-Wild_Wadi_Water_Park_Dubai_%2842447702462%29.jpg?utm_source=commons.wikimedia.org&utm_campaign=imageinfo&utm_content=thumbnail,https://commons.wikimedia.org/wiki/File:Wild_Wadi_Water_Park_Dubai_(42447702462).jpg,https://www.tripadvisor.com/Search?q=Wild%20Wadi%20Jumeirah,Wild Wadi,Rides and slides,3,carousel · candid,"a real visitor photo — people in frame, imperfect light",Wikimedia Commons visitor photograph by Jeremy Thompson; honest wave-pool scene with guests throughout the frame.,1920,1280,764608
wildwadi-04.jpg,added,selected,https://upload.wikimedia.org/wikipedia/commons/thumb/8/81/Wild_Wadi_Water_Park_Dubai_%2841596434885%29.jpg/1920px-Wild_Wadi_Water_Park_Dubai_%2841596434885%29.jpg?utm_source=commons.wikimedia.org&utm_campaign=imageinfo&utm_content=thumbnail,https://commons.wikimedia.org/wiki/File:Wild_Wadi_Water_Park_Dubai_(41596434885).jpg,,Wild Wadi,Rides and slides,4,carousel · candid,a differentiated additional visitor scene,Wikimedia Commons visitor photograph by Jeremy Thompson; colorful lazy-river scene adds a calmer counterpoint to the slides.,1920,1280,884503
aquafun-01.jpg,downloaded,selected,https://cdn.prod.website-files.com/6941455e72998bd71dc6f3f6/69483a417df6e13b19b9340a_Media%20container.webp,https://www.aquafun.ae/,https://www.aquafun.ae/,AquaFun,Rides and slides,1,hero · official,the signature wide shot,Official AquaFun photograph; obstacle-course overview framed by the JBR skyline.,1220,800,229423
aquafun-02.jpg,downloaded,selected,https://cdn.prod.website-files.com/6941455e72998bd71dc6f3f6/694b458d117731e0cba7adc9_gallery3.webp,https://www.aquafun.ae/,https://www.aquafun.ae/,AquaFun,Rides and slides,2,carousel · official,"a second angle — interior, or the thing itself close up",Official AquaFun photograph; close joyful group portrait in lifejackets with the attraction behind them.,1220,800,223267
aquafun-03.jpg,downloaded,selected,https://cdn.prod.website-files.com/6941455e72998bd71dc6f3f6/694851bc25f107360ba43890_7faff90daa61131354ec65a9d4e31f01_Img.webp,https://www.aquafun.ae/,https://www.tripadvisor.com/Search?q=AquaFun%20JBR,AquaFun,Rides and slides,3,carousel · candid,"a real visitor photo — people in frame, imperfect light",Official AquaFun gallery photograph; sunset boat scene with a small group substitutes for inaccessible review imagery.,1320,1320,221484
ferrariworld-01.jpg,downloaded,selected,https://upload.wikimedia.org/wikipedia/commons/thumb/5/54/Ferrariworld_by_Flo_Ness.jpg/1920px-Ferrariworld_by_Flo_Ness.jpg?utm_source=commons.wikimedia.org&utm_campaign=imageinfo&utm_content=thumbnail,https://commons.wikimedia.org/wiki/File:Ferrariworld_by_Flo_Ness.jpg,https://www.ferrariworldabudhabi.com/en/Tickets/single-day-ticket,Ferrari World,Rides and slides,1,hero · official,the signature wide shot,Wikimedia Commons aerial visitor photograph by Flo Ness; crop-friendly overview centered on the iconic red roof.,1920,1440,744332
ferrariworld-02.jpg,downloaded,selected,https://upload.wikimedia.org/wikipedia/commons/thumb/b/b1/Formula_Rossa_roller_coaster.JPG/1920px-Formula_Rossa_roller_coaster.JPG?utm_source=commons.wikimedia.org&utm_campaign=imageinfo&utm_content=thumbnail,https://commons.wikimedia.org/wiki/File:Formula_Rossa_roller_coaster.JPG,https://www.ferrariworldabudhabi.com/en/Tickets/single-day-ticket,Ferrari World,Rides and slides,2,carousel · official,"a second angle — interior, or the thing itself close up",Wikimedia Commons visitor photograph; close Formula Rossa train in motion with riders clearly visible.,1920,1440,1000877
ferrariworld-03.jpg,downloaded,selected,https://upload.wikimedia.org/wikipedia/commons/thumb/f/fd/Formula_rossa-ferrari_world-abu_dhabi-2011.JPG/1920px-Formula_rossa-ferrari_world-abu_dhabi-2011.JPG?utm_source=commons.wikimedia.org&utm_campaign=imageinfo&utm_content=thumbnail,https://commons.wikimedia.org/wiki/File:Formula_rossa-ferrari_world-abu_dhabi-2011.JPG,https://www.tripadvisor.com/Search?q=Ferrari%20World%20Yas%20Island%2C%20Abu%20Dhabi,Ferrari World,Rides and slides,3,carousel · candid,"a real visitor photo — people in frame, imperfect light",Wikimedia Commons visitor photograph by Alberto-g-rovi; honest Formula Rossa loading-platform scene.,1920,1279,351050
ferrariworld-04.jpg,downloaded,selected,https://upload.wikimedia.org/wikipedia/commons/thumb/f/fa/Flying_Aces_2.jpg/1920px-Flying_Aces_2.jpg?utm_source=commons.wikimedia.org&utm_campaign=imageinfo&utm_content=thumbnail,https://commons.wikimedia.org/wiki/File:Flying_Aces_2.jpg,https://www.instagram.com/explore/tags/ferrariworld,Ferrari World,Rides and slides,4,carousel · candid,"something from the venue's own Instagram, or a tagged post",Wikimedia Commons visitor photograph by Jeremy Thompson; Flying Aces train high on its inversion substitutes for inaccessible social imagery.,1920,1280,492062
motiongate-01.jpg,downloaded,selected,https://upload.wikimedia.org/wikipedia/commons/thumb/d/da/Entrance_of_motiongate_Dubai_.jpg/1920px-Entrance_of_motiongate_Dubai_.jpg?utm_source=commons.wikimedia.org&utm_campaign=imageinfo&utm_content=thumbnail,https://commons.wikimedia.org/wiki/File:Entrance_of_motiongate_Dubai_.jpg,https://www.dubaiparksandresorts.com/en/motiongatetm-dubai,Motiongate,Rides and slides,1,hero · official,the signature wide shot,Wikimedia Commons visitor photograph; strong blue-hour entrance view with guests and the illuminated studio-gate landmark.,1920,1200,415427
motiongate-02.jpg,downloaded,selected,https://upload.wikimedia.org/wikipedia/commons/thumb/c/cd/Motiongate_Dubai_-_41765343441.jpg/1920px-Motiongate_Dubai_-_41765343441.jpg?utm_source=commons.wikimedia.org&utm_campaign=imageinfo&utm_content=thumbnail,https://commons.wikimedia.org/wiki/File:Motiongate_Dubai_-_41765343441.jpg,https://www.dubaiparksandresorts.com/en/motiongatetm-dubai,Motiongate,Rides and slides,2,carousel · official,"a second angle — interior, or the thing itself close up",Wikimedia Commons visitor photograph by Jeremy Thompson; richly lit Madagascar Mad Pursuit facade substitutes for the temporarily unavailable official gallery.,1920,1280,377128
motiongate-03.jpg,downloaded,selected,https://upload.wikimedia.org/wikipedia/commons/thumb/b/b0/Motiongate_Dubai_-_27896613508.jpg/1920px-Motiongate_Dubai_-_27896613508.jpg?utm_source=commons.wikimedia.org&utm_campaign=imageinfo&utm_content=thumbnail,https://commons.wikimedia.org/wiki/File:Motiongate_Dubai_-_27896613508.jpg,https://www.tripadvisor.com/Search?q=Motiongate%20Dubai%20Parks%20%26%20Resorts,Motiongate,Rides and slides,3,carousel · candid,"a real visitor photo — people in frame, imperfect light",Wikimedia Commons visitor photograph by Jeremy Thompson; close Smurfs coaster train with expressive guests.,1920,1280,372215
stormcoaster-01.jpg,downloaded,selected,https://www.intamin.com/wp-content/uploads/2022/03/DubaiHills-Indoor-Coaster-03.jpeg,https://www.intamin.com/project/the-storm-coaster/,https://www.emaar.com/en/the-storm-coaster,The Storm Coaster,Rides and slides,1,hero · official,the signature wide shot,Official manufacturer project photograph credited to Emaar Entertainment and Recreative; tall landscape view of the blue track inside the architectural shell.,2000,1500,630125
stormcoaster-02.jpg,downloaded,selected,https://www.intamin.com/wp-content/uploads/2022/03/FJ13290-copy-scaled.jpg,https://www.intamin.com/project/the-storm-coaster/,https://www.emaar.com/en/the-storm-coaster,The Storm Coaster,Rides and slides,2,carousel · official,"a second angle — interior, or the thing itself close up",Official manufacturer project photograph credited to Emaar Entertainment and Recreative; close ride train with guests mid-experience.,2000,1334,456806
stormcoaster-03.jpg,downloaded,selected,https://www.intamin.com/wp-content/uploads/2022/03/FJ12856-copy-scaled.jpg,https://www.intamin.com/project/the-storm-coaster/,https://www.tripadvisor.com/Search?q=The%20Storm%20Coaster%20Dubai%20Hills%20Mall,The Storm Coaster,Rides and slides,3,carousel · candid,"a real visitor photo — people in frame, imperfect light",Official manufacturer project photograph credited to Emaar Entertainment and Recreative; candid group portrait beneath the attraction sign.,2000,1334,338103
skidubai-01.jpg,downloaded,selected,https://maf-skidubai.sitefinity.cloud/images/default-source/activities/sd-slope-membership---1072x800.jpg?sfvrsn=4f84fdb3_1,https://www.skidxb.com/en-ae/ski-dubai/3-month-slope-membership,https://www.skidxb.com/,Ski Dubai,Rides and slides,1,hero · official,the signature wide shot,Official Ski Dubai photograph; exact venue action with a skier carving across the indoor slope; centered card crops retain the skier's face and torso.,1072,800,673734
skidubai-02.jpg,downloaded,selected,https://maf-skidubai.sitefinity.cloud/images/default-source/activities/sd-getready_snowguide-expsnowpark-chairlift848x720-100.jpg?sfvrsn=93b86f30_3,https://www.skidxb.com/en-ae/ski-dubai/plan-your-visit/your-guide,https://www.skidxb.com/,Ski Dubai,Rides and slides,2,carousel · official,"a second angle — interior, or the thing itself close up",Official Ski Dubai guide photograph; four guests on the chairlift establish the indoor snow venue and remain legible in both wide and mobile centered crops.,849,721,649622
skidubai-03.jpg,downloaded,selected,https://maf-skidubai.sitefinity.cloud/images/default-source/activities/sd-getready_snowguide-expsnowpark-penguin-encounter-1296x720-100.jpg?sfvrsn=2a9d8c64_3,https://www.skidxb.com/en-ae/ski-dubai/plan-your-visit/your-guide,https://www.tripadvisor.com/Search?q=Ski%20Dubai%20Mall%20of%20the%20Emirates,Ski Dubai,Rides and slides,3,carousel · candid,"a real visitor photo — people in frame, imperfect light",Official Ski Dubai guide photograph; a couple kneels with a king penguin in the encounter habitat for a striking human-scale experience distinct from skiing and the chairlift.,1296,721,865571
seaworldad-01.jpg,downloaded,selected,https://static.myconnect.ae/-/media/yasconnect/project/swad/home/hero/hero-main1.png?h=1080&w=1920,https://www.seaworldabudhabi.com/,https://seaworldabudhabi.com/,SeaWorld Abu Dhabi,Rides and slides,1,hero · official,the signature wide shot,Official SeaWorld Abu Dhabi CDN hero; dramatic aquarium tunnel with guests for scale and a strong 16:9 crop.,1920,1080,201692
seaworldad-02.jpg,downloaded,selected,https://static.myconnect.ae/-/media/yasconnect/project/swad/stories/meet-the-newest-star/featured-story-thumbnail-en.jpg,https://www.seaworldabudhabi.com/,https://seaworldabudhabi.com/,SeaWorld Abu Dhabi,Rides and slides,2,carousel · official,"a second angle — interior, or the thing itself close up",Official SeaWorld Abu Dhabi photograph; intimate walrus-and-calf habitat scene.,1920,1080,218258
seaworldad-03.jpg,downloaded,selected,https://static.myconnect.ae/-/media/yasconnect/project/swad/20230724/dolphinecounter1-medium.jpg,https://www.seaworldabudhabi.com/,https://www.tripadvisor.com/Search?q=SeaWorld%20Abu%20Dhabi%20Yas%20Island%2C%20Abu%20Dhabi,SeaWorld Abu Dhabi,Rides and slides,3,carousel · candid,"a real visitor photo — people in frame, imperfect light",Official SeaWorld Abu Dhabi photograph; family dolphin encounter with clear human emotion and habitat context.,800,450,74095
seaworldad-04.jpg,added,selected,https://static.myconnect.ae/-/media/yasconnect/project/swad/explore/expeditions/penguin-encounter/penguin.png,https://www.seaworldabudhabi.com/,,SeaWorld Abu Dhabi,Rides and slides,4,carousel · official,a differentiated additional animal encounter,Official SeaWorld Abu Dhabi photograph; family and keepers meeting penguins in the polar habitat.,800,450,66035
seaworldad-05.jpg,added,selected,https://static.myconnect.ae/-/media/yasconnect/project/swad/home/sw-homepage-medium.jpg,https://www.seaworldabudhabi.com/,,SeaWorld Abu Dhabi,Rides and slides,5,carousel · official,a differentiated additional immersive scene,Official SeaWorld Abu Dhabi photograph; child engaging with a dramatic octopus habitat display.,800,450,87845
olddubai-01.jpg,downloaded,selected,https://upload.wikimedia.org/wikipedia/commons/thumb/8/82/Dubai_Gold_Souk_%288668422526%29.jpg/1920px-Dubai_Gold_Souk_%288668422526%29.jpg?utm_source=commons.wikimedia.org&utm_campaign=imageinfo&utm_content=thumbnail,https://commons.wikimedia.org/wiki/File:Dubai_Gold_Souk_(8668422526).jpg,https://www.visitdubai.com/en/places-to-visit/dubai-gold-souk,"Old Dubai, souk to abra",Wandering and buying things,1,hero · official,the signature wide shot,Wikimedia Commons visitor photograph by Rob Young; bright crop-friendly view down the Gold Souk arcade.,1920,1440,815797
olddubai-02.jpg,downloaded,selected,https://upload.wikimedia.org/wikipedia/commons/thumb/b/be/Gold_Souk%2C_Dubai4.jpg/1920px-Gold_Souk%2C_Dubai4.jpg?utm_source=commons.wikimedia.org&utm_campaign=imageinfo&utm_content=thumbnail,"https://commons.wikimedia.org/wiki/File:Gold_Souk,_Dubai4.jpg",https://www.visitdubai.com/en/places-to-visit/dubai-gold-souk,"Old Dubai, souk to abra",Wandering and buying things,2,carousel · official,"a second angle — interior, or the thing itself close up",Wikimedia Commons visitor photograph by dconvertini; dense close-up of gold necklaces and bangles.,1920,1280,1210227
olddubai-03.jpg,downloaded,selected,https://upload.wikimedia.org/wikipedia/commons/thumb/8/87/Abra_%40_From_Deira_to_Bur_Dubai_%40_Dubai_Creek_%2815886341865%29.jpg/1920px-Abra_%40_From_Deira_to_Bur_Dubai_%40_Dubai_Creek_%2815886341865%29.jpg?utm_source=commons.wikimedia.org&utm_campaign=imageinfo&utm_content=thumbnail,https://commons.wikimedia.org/wiki/File:Abra_@_From_Deira_to_Bur_Dubai_@_Dubai_Creek_(15886341865).jpg,https://www.tripadvisor.com/Search?q=Old%20Dubai%2C%20souk%20to%20abra%20Deira%20%26%20Bur%20Dubai,"Old Dubai, souk to abra",Wandering and buying things,3,carousel · candid,"a real visitor photo — people in frame, imperfect light",Wikimedia Commons visitor photograph by Guilhem Vellut; honest abra crossing packed with passengers.,1920,1440,680320
olddubai-04.jpg,downloaded,selected,https://upload.wikimedia.org/wikipedia/commons/thumb/0/09/Gold_Souk%2C_Dubai13.jpg/1920px-Gold_Souk%2C_Dubai13.jpg?utm_source=commons.wikimedia.org&utm_campaign=imageinfo&utm_content=thumbnail,"https://commons.wikimedia.org/wiki/File:Gold_Souk,_Dubai13.jpg",https://www.instagram.com/explore/tags/olddubaisouktoabra,"Old Dubai, souk to abra",Wandering and buying things,4,carousel · candid,"something from the venue's own Instagram, or a tagged post",Wikimedia Commons visitor photograph by dconvertini; colorful craft-and-textile storefront adds a different souk texture.,1920,1280,1180610
olddubai-05.jpg,downloaded,selected,https://upload.wikimedia.org/wikipedia/commons/thumb/8/87/Abras_in_Dubai_Creek%21.jpg/1920px-Abras_in_Dubai_Creek%21.jpg?utm_source=commons.wikimedia.org&utm_campaign=imageinfo&utm_content=thumbnail,https://commons.wikimedia.org/wiki/File:Abras_in_Dubai_Creek!.jpg,https://www.google.com/search?tbm=isch&q=Old%20Dubai%2C%20souk%20to%20abra%20Deira%20%26%20Bur%20Dubai%20photos,"Old Dubai, souk to abra",Wandering and buying things,5,carousel · any,whatever else is genuinely good,Wikimedia Commons visitor photograph by Phil6007; warm sunset lineup of traditional abras on Dubai Creek.,1920,1281,461643
alserkal-01.jpg,downloaded,selected,https://upload.wikimedia.org/wikipedia/commons/thumb/4/44/Dubai_Alserkal_Avenue_2024-11-17.jpg/1920px-Dubai_Alserkal_Avenue_2024-11-17.jpg?utm_source=commons.wikimedia.org&utm_campaign=imageinfo&utm_content=thumbnail,https://commons.wikimedia.org/wiki/File:Dubai_Alserkal_Avenue_2024-11-17.jpg,https://alserkal.online/,Alserkal Avenue,Wandering and buying things,1,hero · official,the signature wide shot,Wikimedia Commons visitor photograph by Fuzheado; recent crop-friendly view down the avenue with people and its industrial architecture.,1920,1440,747472
alserkal-02.jpg,downloaded,selected,https://upload.wikimedia.org/wikipedia/commons/thumb/b/bd/Alserkal_Avenue_Christina_Pravi.jpg/1920px-Alserkal_Avenue_Christina_Pravi.jpg?utm_source=commons.wikimedia.org&utm_campaign=imageinfo&utm_content=thumbnail,https://commons.wikimedia.org/wiki/File:Alserkal_Avenue_Christina_Pravi.jpg,https://alserkal.online/,Alserkal Avenue,Wandering and buying things,2,carousel · official,"a second angle — interior, or the thing itself close up",Wikimedia Commons visitor photograph by Christina Pravi; intimate string-lit hospitality interior within the district.,1600,2000,878045
alserkal-03.jpg,not_found,waived,,,https://www.tripadvisor.com/Search?q=Alserkal%20Avenue%20Al%20Quoz,Alserkal Avenue,Wandering and buying things,3,carousel · candid,"a real visitor photo — people in frame, imperfect light",The current official page exposes video rather than a still gallery; the small attributable Commons set yielded two strong distinct photographs and no third of comparable quality.,,,
alserkal-04.jpg,not_found,waived,,,https://www.instagram.com/alserkalavenue/,Alserkal Avenue,Wandering and buying things,4,carousel · candid,"something from the venue's own Instagram, or a tagged post",Instagram assets were not durably downloadable with exact provenance; remaining official CMS images were 400px venue tiles.,,,
globalvillage-01.jpg,downloaded,selected,https://gvprodbsgwebmobile.blob.core.windows.net/gvprodbstgconwebmobile/travel/files/2022-03/GV_S26_Dragon_Lake_000006.jpg,https://travel.globalvillage.ae/en/media-gallery,https://www.globalvillage.ae/,Global Village,Wandering and buying things,1,hero · official,the signature wide shot,Official Global Village travel-trade photograph; vivid wide night panorama across Dragon Lake and the illuminated park.,1981,1321,575220
globalvillage-02.jpg,downloaded,selected,https://gvprodbsgwebmobile.blob.core.windows.net/gvprodbstgconwebmobile/travel/files/2022-03/GV_S26_Cultural_Gate_000003.jpg,https://travel.globalvillage.ae/en/media-gallery,https://www.globalvillage.ae/,Global Village,Wandering and buying things,2,carousel · official,"a second angle — interior, or the thing itself close up",Official Global Village travel-trade photograph; richly colored cultural-gate architecture at night.,1981,1321,444112
globalvillage-03.jpg,downloaded,selected,https://gvprodbsgwebmobile.blob.core.windows.net/gvprodbstgconwebmobile/travel/files/2022-03/GV_S26_Celebration_Walk_000014.jpg,https://travel.globalvillage.ae/en/media-gallery,https://www.tripadvisor.com/Search?q=Global%20Village%20Sheikh%20Mohammed%20Bin%20Zayed%20Rd,Global Village,Wandering and buying things,3,carousel · candid,"a real visitor photo — people in frame, imperfect light",Official Global Village travel-trade photograph; guests walking beneath a dense canopy of festival lights.,1498,998,420736
globalvillage-04.jpg,downloaded,selected,https://gvprodbsgwebmobile.blob.core.windows.net/gvprodbstgconwebmobile/travel/files/2022-03/GV_S26_Baloon_Sellers_000005.jpg,https://travel.globalvillage.ae/en/media-gallery,https://www.instagram.com/explore/tags/globalvillage,Global Village,Wandering and buying things,4,carousel · candid,"something from the venue's own Instagram, or a tagged post",Official Global Village travel-trade photograph; colorful balloon sellers and open-air park atmosphere substitute for ephemeral social media.,1265,711,312900
artemarket-01.jpg,downloaded,selected,https://arte.ae/wp-content/uploads/2025/01/ARTE-Market-Crowd.jpg,https://arte.ae/market-dates/,https://arte.ae/market-dates/,"ARTE, The Makers' Market",Wandering and buying things,1,hero · official,the signature wide shot,Official ARTE market photograph; lively aisle of shoppers and independent stalls in a clean 4:3 composition.,960,720,93409
artemarket-02.jpg,downloaded,selected,https://arte.ae/wp-content/uploads/2022/09/ArteMarket-buy-handmade.jpg,https://arte.ae/market-dates/,https://arte.ae/market-dates/,"ARTE, The Makers' Market",Wandering and buying things,2,carousel · official,"a second angle — interior, or the thing itself close up",Official ARTE market photograph; venue signage and handmade-market welcome display.,800,413,92660
artemarket-03.jpg,not_found,waived,,,https://www.tripadvisor.com/Search?q=ARTE%2C%20The%20Makers'%20Market%20Mercato%20%2F%20Times%20Square,"ARTE, The Makers' Market",Wandering and buying things,3,carousel · candid,"a real visitor photo — people in frame, imperfect light",The official WordPress media library contained two distinct reusable market photographs; the remainder were duplicate crops,,,
greenplanet-01.jpg,downloaded,selected,https://upload.wikimedia.org/wikipedia/commons/thumb/9/97/Green_Planet_Tree_%26_Waterfall.jpg/1920px-Green_Planet_Tree_%26_Waterfall.jpg?utm_source=commons.wikimedia.org&utm_campaign=imageinfo&utm_content=thumbnail,https://commons.wikimedia.org/wiki/File:Green_Planet_Tree_%26_Waterfall.jpg,https://thegreenplanetdubai.com/,The Green Planet,Wandering and buying things,1,hero · official,the signature wide shot,Wikimedia Commons visitor photograph by WikiSilky; lush landscape view of the biodome's central tree and waterfall.,1920,1440,1240675
greenplanet-02.jpg,downloaded,selected,https://upload.wikimedia.org/wikipedia/commons/thumb/0/01/Picture_of_Toucan_taken_at_green_planet.jpg/1920px-Picture_of_Toucan_taken_at_green_planet.jpg?utm_source=commons.wikimedia.org&utm_campaign=imageinfo&utm_content=thumbnail,https://commons.wikimedia.org/wiki/File:Picture_of_Toucan_taken_at_green_planet.jpg,https://thegreenplanetdubai.com/,The Green Planet,Wandering and buying things,2,carousel · official,"a second angle — interior, or the thing itself close up",Wikimedia Commons visitor photograph by Lintophilip; exceptional close toucan portrait with rainforest context.,1920,1215,341706
greenplanet-03.jpg,downloaded,selected,https://upload.wikimedia.org/wikipedia/commons/thumb/6/6d/Green_Planet_Tree_%26_Bridge.jpg/1920px-Green_Planet_Tree_%26_Bridge.jpg?utm_source=commons.wikimedia.org&utm_campaign=imageinfo&utm_content=thumbnail,https://commons.wikimedia.org/wiki/File:Green_Planet_Tree_%26_Bridge.jpg,https://www.tripadvisor.com/Search?q=The%20Green%20Planet%20City%20Walk,The Green Planet,Wandering and buying things,3,carousel · candid,"a real visitor photo — people in frame, imperfect light",Wikimedia Commons visitor photograph by WikiSilky; honest vertical interior view with visitors visible beneath the elevated walkways.,1500,2000,1182254
comptoir-01.jpg,downloaded,selected,https://cdn.shopify.com/s/files/1/0680/4498/0444/files/gempages_507567412841808775-b93164e8-f42c-4632-8831-b00c7ecc7bda.jpg?v=1757492456,https://comptoir102.com/pages/concept-store-jumeirah-dubai,https://comptoir102.com/pages/concept-store-jumeirah-dubai,Comptoir 102,Wandering and buying things,1,hero · official,the signature wide shot,Official Comptoir 102 concept-store photograph; warm crop-safe wide interior showing the boutique's clothing racks and eclectic homewares.,2000,1331,437903
comptoir-02.jpg,downloaded,selected,https://comptoir102.com/cdn/shop/files/gempages_507567412841808775-02008513-3834-45ac-ad21-e4ae0d4e2ea8.jpg?v=15335202795544512252,https://comptoir102.com/pages/concept-store-jumeirah-dubai,https://comptoir102.com/pages/concept-store-jumeirah-dubai,Comptoir 102,Wandering and buying things,2,carousel · official,"a second angle — interior, or the thing itself close up",Official Comptoir 102 photograph; overhead breakfast spread adds the cafe side of the concept-store experience.,2000,1336,590814
comptoir-03.jpg,not_found,waived,,,https://www.tripadvisor.com/Search?q=Comptoir%20102%20Jumeirah,Comptoir 102,Wandering and buying things,3,carousel · candid,"a real visitor photo — people in frame, imperfect light",The official gallery yielded two strong differentiated venue photographs; review and social imagery did not provide a durably downloadable candid with reliable provenance.,,,
flipside-01.jpg,downloaded,selected,https://upload.wikimedia.org/wikipedia/commons/thumb/d/d0/Sonic_Boom_record_store_interior%2C_Toronto_2026.jpg/1920px-Sonic_Boom_record_store_interior%2C_Toronto_2026.jpg?utm_source=commons.wikimedia.org&utm_campaign=imageinfo&utm_content=thumbnail,"https://commons.wikimedia.org/wiki/File:Sonic_Boom_record_store_interior,_Toronto_2026.jpg",https://unsplash.com/s/photos/record-crates%2C-hands-flicking-through-vinyl,The Flip Side,Wandering and buying things,1,hero · category,"record crates, hands flicking through vinyl",Wikimedia Commons category photograph by Chicken4War; crop-safe record-store interior with browsing customers substitutes for the venue's graphics-only official site.,1920,1280,763571
flipside-02.jpg,downloaded,selected,https://upload.wikimedia.org/wikipedia/commons/thumb/7/72/Vinyl_collection_at_a_record_store_%28Unsplash%29.jpg/1920px-Vinyl_collection_at_a_record_store_%28Unsplash%29.jpg?utm_source=commons.wikimedia.org&utm_campaign=imageinfo&utm_content=thumbnail,https://commons.wikimedia.org/wiki/File:Vinyl_collection_at_a_record_store_(Unsplash).jpg,https://www.google.com/search?tbm=isch&q=record%20crates%2C%20hands%20flicking%20through%20vinyl%20Dubai,The Flip Side,Wandering and buying things,2,carousel · category,"record crates, hands flicking through vinyl, Dubai if possible",Wikimedia Commons category photograph by Mr Cup / Fabien Barral; tactile close view along densely packed record crates.,1920,1275,407440
theedit-01.jpg,downloaded,selected,https://upload.wikimedia.org/wikipedia/commons/thumb/c/c5/Man_examines_clothing_in_a_boutique_while_shopping_for_fashionable_attire_in_a_trendy_store_setting.jpg/1920px-Man_examines_clothing_in_a_boutique_while_shopping_for_fashionable_attire_in_a_trendy_store_setting.jpg?utm_source=commons.wikimedia.org&utm_campaign=imageinfo&utm_content=thumbnail,https://commons.wikimedia.org/wiki/File:Man_examines_clothing_in_a_boutique_while_shopping_for_fashionable_attire_in_a_trendy_store_setting.jpg,https://unsplash.com/s/photos/concept-store-rail%2C-styled-interior,The Edit,Wandering and buying things,1,hero · category,"concept-store rail, styled interior",Wikimedia Commons category photograph by Shixart1985; crop-safe boutique scene with a customer browsing a styled clothing rail.,1920,1277,314267
theedit-02.jpg,downloaded,selected,https://theeditdubai.com/cdn/shop/files/WhatsApp_Image_2021-11-08_at_14.26.25_800x.jpg?v=1636367235,https://theeditdubai.com/pages/about-us,https://www.google.com/search?tbm=isch&q=concept-store%20rail%2C%20styled%20interior%20Dubai,The Edit,Wandering and buying things,2,carousel · category,"concept-store rail, styled interior, Dubai if possible",Official The Edit Dubai photograph; exact storefront entrance and landscaping provide venue-specific context distinct from the category hero.,683,1024,212515
ibnbattuta-01.jpg,downloaded,selected,https://upload.wikimedia.org/wikipedia/commons/thumb/1/13/Ibn_Bathutha_Mall_of_Dubai.jpg/1920px-Ibn_Bathutha_Mall_of_Dubai.jpg?utm_source=commons.wikimedia.org&utm_campaign=imageinfo&utm_content=thumbnail,https://commons.wikimedia.org/wiki/File:Ibn_Bathutha_Mall_of_Dubai.jpg,https://www.ibnbattutamall.com/about-us,Ibn Battuta Mall,Wandering and buying things,1,hero · official,the signature wide shot,Wikimedia Commons visitor photograph by Challiyil Eswaramangalath Pavithran Vipin; dramatic crop-safe panorama of the richly decorated China Court.,1920,943,491585
ibnbattuta-02.jpg,downloaded,selected,https://upload.wikimedia.org/wikipedia/commons/5/59/Ibn_Battuta_Mall_on_2_June_2007_Pict_1.jpg?utm_source=commons.wikimedia.org&utm_campaign=imageinfo&utm_content=thumbnail_unscaled,https://commons.wikimedia.org/wiki/File:Ibn_Battuta_Mall_on_2_June_2007_Pict_1.jpg,https://www.ibnbattutamall.com/about-us,Ibn Battuta Mall,Wandering and buying things,2,carousel · official,"a second angle — interior, or the thing itself close up",Wikimedia Commons visitor photograph by Imre Solt; quieter architectural view down another themed court.,1210,721,137190
ibnbattuta-03.jpg,not_found,waived,,,https://www.tripadvisor.com/Search?q=Ibn%20Battuta%20Mall%20Jebel%20Ali,Ibn Battuta Mall,Wandering and buying things,3,carousel · candid,"a real visitor photo — people in frame, imperfect light",The current official page exposes a generic promotional banner rather than an interior gallery; the attributable Commons search yielded two strong distinct courts but no third candid of comparable quality.,,,
fashionavenue-01.jpg,downloaded,selected,https://dmassetsprodcdn.azureedge.net/assets/media/fashion-avenue/seemless-shopping.png,https://thedubaimall.com/en/fashion-avenue,https://thedubaimall.com/en/fashion-avenue,Fashion Avenue,Wandering and buying things,1,hero · official,the signature wide shot,Official Dubai Mall Fashion Avenue photograph; crop-safe interior scene with shoppers and the avenue's sculptural white architecture.,1280,808,112396
fashionavenue-02.jpg,downloaded,selected,https://dmassetsprodcdn.azureedge.net/assets/media/fashion-avenue/fashion-avenue-hero.jpg,https://thedubaimall.com/en/fashion-avenue,https://thedubaimall.com/en/fashion-avenue,Fashion Avenue,Wandering and buying things,2,carousel · official,"a second angle — interior, or the thing itself close up",Official Fashion Avenue campaign hero; monochrome fashion portrait supplies a distinct editorial close-up from the venue's own page.,1984,1058,221069
fashionavenue-03.jpg,not_found,waived,,,https://www.tripadvisor.com/Search?q=Fashion%20Avenue%20Dubai%20Mall,Fashion Avenue,Wandering and buying things,3,carousel · candid,"a real visitor photo — people in frame, imperfect light",The official page supplied two strong current images; review and social results did not yield a candid that was both durably downloadable and reliably attributable.,,,
fashiondome-01.jpg,downloaded,selected,https://upload.wikimedia.org/wikipedia/commons/thumb/d/df/Mall_of_the_Emirates%2C_Dubai_%288973609608%29.jpg/1920px-Mall_of_the_Emirates%2C_Dubai_%288973609608%29.jpg?utm_source=commons.wikimedia.org&utm_campaign=imageinfo&utm_content=thumbnail,"https://commons.wikimedia.org/wiki/File:Mall_of_the_Emirates,_Dubai_(8973609608).jpg",https://unsplash.com/s/photos/luxury-mall-atrium%2C-marble-and-light,Fashion Dome,Wandering and buying things,1,hero · category,"luxury mall atrium, marble and light",Wikimedia Commons visitor photograph by Fabio Achilli; exact Fashion Dome view with shoppers beneath the glass roof and a crop-safe 4:3 composition.,1920,1440,857463
fashiondome-02.jpg,downloaded,selected,https://upload.wikimedia.org/wikipedia/commons/thumb/6/6b/P1000559_%285768342895%29.jpg/1920px-P1000559_%285768342895%29.jpg?utm_source=commons.wikimedia.org&utm_campaign=imageinfo&utm_content=thumbnail,https://commons.wikimedia.org/wiki/File:P1000559_(5768342895).jpg,https://www.google.com/search?tbm=isch&q=luxury%20mall%20atrium%2C%20marble%20and%20light%20Dubai,Fashion Dome,Wandering and buying things,2,carousel · category,"luxury mall atrium, marble and light, Dubai if possible",Wikimedia Commons visitor photograph by krebsmaus07; exact Mall of the Emirates dome and arcade in a quieter wide architectural view.,1920,1079,564068
outletvillage-01.jpg,downloaded,selected,https://ua-intl.co/wp-content/uploads/2017/08/news6-1.jpg,https://ua-intl.co/the-outlet-village-opens-its-doors-in-dubai/,https://unsplash.com/s/photos/Tuscan-style-arcade-interior,The Outlet Village,Wandering and buying things,1,hero · category,Tuscan-style arcade interior,Exact project photograph from U+A Architecture; crop-safe wide view of the Tuscan-style indoor street beneath its glazed roof.,940,500,169162
outletvillage-02.jpg,downloaded,selected,https://ua-intl.co/wp-content/uploads/2017/08/image45.jpg,https://ua-intl.co/the-outlet-village-opens-its-doors-in-dubai/,https://www.google.com/search?tbm=isch&q=Tuscan-style%20arcade%20interior%20Dubai,The Outlet Village,Wandering and buying things,2,carousel · category,"Tuscan-style arcade interior, Dubai if possible",Exact project photograph from U+A Architecture; close architectural study of the mall's weathered-brick facade and balcony detail.,940,593,152920
nest-01.jpg,downloaded,selected,https://www.nara.ae/wp-content/uploads/2026/04/Filmline-_-The-Nest-_-Architecture-_-JAN-2023-_-1-1-scaled.jpg,https://www.nara.ae/the-nest/,https://www.nara.ae/the-nest/,The Nest by Nara,Quiet and dark,1,hero · official,the signature wide shot,Official Nara photograph; crop-safe sunset overview of the low private pods settled into the reserve dunes.,2000,1292,325675
nest-02.jpg,downloaded,selected,https://www.nara.ae/wp-content/uploads/2026/08/WeOnIt-_-The-Nest-_-Architecture-_-FEB-2026-_-18.jpg,https://www.nara.ae/the-nest/,https://www.nara.ae/the-nest/,The Nest by Nara,Quiet and dark,2,carousel · official,"a second angle — interior, or the thing itself close up",Official Nara photograph; warm pod interior centered on the distinctive glass roof and dune-facing lounge.,1400,788,222714
nest-03.jpg,downloaded,selected,https://www.nara.ae/wp-content/uploads/2026/08/Stargazing.jpg,https://www.nara.ae/the-nest/,https://www.tripadvisor.com/Search?q=The%20Nest%20by%20Nara%20Al%20Marmoom%20Reserve,The Nest by Nara,Quiet and dark,3,carousel · candid,"a real visitor photo — people in frame, imperfect light",Official Nara experience photograph; guests using a telescope beneath a properly dark star field.,1600,900,94069
nest-04.jpg,downloaded,selected,https://www.nara.ae/wp-content/uploads/2026/08/The-Nest-by-Nara-at-Night.jpg,https://www.nara.ae/the-nest/,https://www.instagram.com/explore/tags/thenestbynara,The Nest by Nara,Quiet and dark,4,carousel · candid,"something from the venue's own Instagram, or a tagged post",Official Nara night photograph; illuminated glass-roof pod in the otherwise dark desert substitutes for ephemeral social imagery.,2000,1125,331417
nest-05.jpg,downloaded,selected,https://www.nara.ae/wp-content/uploads/2026/08/Vlad-_-The-Nest-_-Activities-_-DEC-2023-_-2.jpg,https://www.nara.ae/the-nest/,https://www.google.com/search?tbm=isch&q=The%20Nest%20by%20Nara%20Al%20Marmoom%20Reserve%20photos,The Nest by Nara,Quiet and dark,5,carousel · any,whatever else is genuinely good,Official Nara photograph; private outdoor cinema beside a pod adds a genuinely differentiated night activity.,1600,900,155157
sonara-01.jpg,downloaded,selected,https://www.nara.ae/wp-content/uploads/2025/12/Sonara-Al-Wadi.webp,https://www.nara.ae/sonara-camp-dubai/,https://www.nara.ae/sonara-camp-dubai/,Sonara Camp,Quiet and dark,1,hero · official,the signature wide shot,Official Nara photograph; candlelit camp sweeping through the dunes at dusk in a crop-safe 16:10 frame.,1080,675,101494
sonara-02.jpg,downloaded,selected,https://www.nara.ae/wp-content/uploads/2025/12/Monn-Chiara-_-Sonara-_-Architecture-_-MAR-2025-_-3-scaled-1.jpg,https://www.nara.ae/sonara-camp-dubai/,https://www.nara.ae/sonara-camp-dubai/,Sonara Camp,Quiet and dark,2,carousel · official,"a second angle — interior, or the thing itself close up",Official Nara photograph; elevated night view shows the full glowing dinner camp beneath a starry sky.,1334,2000,437468
sonara-03.jpg,downloaded,selected,https://www.nara.ae/wp-content/uploads/2024/09/Sonara-fire-show.jpg,https://www.nara.ae/sonara-camp-dubai/,https://www.tripadvisor.com/Search?q=Sonara%20Camp%20Al%20Marmoom%20Reserve,Sonara Camp,Quiet and dark,3,carousel · candid,"a real visitor photo — people in frame, imperfect light",Official Nara experience photograph; close fire performer and silhouetted audience capture the camp's live evening atmosphere.,1920,1080,273103
sonara-04.jpg,downloaded,selected,https://www.nara.ae/wp-content/uploads/2025/12/Murrindi-_-Sonara-Camp-_-Food-_-JUN-2023-_-2-scaled-1.jpg,https://www.nara.ae/sonara-camp-dubai/,https://www.instagram.com/explore/tags/sonaracamp,Sonara Camp,Quiet and dark,4,carousel · candid,"something from the venue's own Instagram, or a tagged post",Official Nara food photograph; generous mezze and grilled dinner spread substitutes for non-durable social imagery.,2000,1448,542666
balloon-01.jpg,downloaded,selected,https://www.visitdubai.com/-/media/gathercontent/poi/b/balloon-adventures/fallback-image/balloon-adventures-04.jpg?ch=1080&cw=1920&cx=0.5&cy=0.5&rev=a06aa7945b014018aadaec3537549695,https://www.visitdubai.com/places-to-visit/balloon-adventures-emirates,https://uae.heroballoonflights.com/signature-experience,Balloon over the dunes,Quiet and dark,1,hero · official,the signature wide shot,Official Visit Dubai photograph; three balloons over richly modeled golden dunes in a clean crop-safe 16:9 landscape.,1920,1080,86818
balloon-02.jpg,downloaded,selected,https://uae.heroballoonflights.com/storage/350/Signature-Experience-Carousel-3-Desktop-min.jpg,https://uae.heroballoonflights.com/signature-experience,https://uae.heroballoonflights.com/signature-experience,Balloon over the dunes,Quiet and dark,2,carousel · official,"a second angle — interior, or the thing itself close up",Official Hero Balloon Flights photograph; couple sharing the sunrise view from inside the basket.,800,530,48986
balloon-03.jpg,downloaded,selected,https://uae.heroballoonflights.com/storage/352/Signature-Experience-Carousel-4-Desktop-min.jpg,https://uae.heroballoonflights.com/signature-experience,https://www.tripadvisor.com/Search?q=Balloon%20over%20the%20dunes%20Dubai%20Desert%20Conservation%20Reserve,Balloon over the dunes,Quiet and dark,3,carousel · candid,"a real visitor photo — people in frame, imperfect light",Official Hero Balloon Flights photograph; close falcon encounter in the basket with a second balloon over the dunes behind.,800,530,76116
balloon-04.jpg,not_found,waived,,,https://www.instagram.com/explore/tags/balloonoverthedunes,Balloon over the dunes,Quiet and dark,4,carousel · candid,"something from the venue's own Instagram, or a tagged post",The current operator page and official tourism listing yielded three strong distinct exact photographs; social assets were not durably downloadable with reliable provenance.,,,
balloon-05.jpg,not_found,waived,,,https://www.google.com/search?tbm=isch&q=Balloon%20over%20the%20dunes%20Dubai%20Desert%20Conservation%20Reserve%20photos,Balloon over the dunes,Quiet and dark,5,carousel · any,whatever else is genuinely good,Remaining official page images repeated the same basket moments or showed transfers and breakfast rather than the flight; no fifth image improved the set.,,,
mleiha-01.jpg,downloaded,selected,https://sharjah24.ae/-/media/2021/March-2021/30/Te3.jpg,https://sharjah24.ae/en/Articles/2021/03/30/Mleiha--An-excellent-spot-for-stargazing-and-photography,https://www.discovermleiha.ae/,Mleiha stargazing,Quiet and dark,1,hero · official,the signature wide shot,Sharjah government media photograph supplied for Mleiha; crop-safe 16:9 night scene with telescope and branded guide vehicle beneath the stars.,1920,1080,486583
mleiha-02.jpg,downloaded,selected,https://www.visitsharjah.com/media/btwfmsfx/mleiha.webp?format=jpg&width=1600&quality=95,https://www.visitsharjah.com/en/regions/central-region/mleiha/,https://www.discovermleiha.ae/,Mleiha stargazing,Quiet and dark,2,carousel · official,"a second angle — interior, or the thing itself close up",Official Visit Sharjah destination photograph; the circular Umm an-Nar tomb and Mleiha Archaeological Centre frame the Faya landscape in a clean crop-safe exact-site view.,1600,846,445180
mleiha-03.jpg,downloaded,selected,https://sharjah24.ae/-/media/Sharjah24/Articles/2023/August-2023/01/Stargazing.jpg?h=1080&hash=F6D83DDB2716C7E4C94D8A358836B3A0&w=1920,https://sharjah24.ae/en/Articles/2023/08/01/Special-Perseids-Meteor-Shower-Watching-Event-at-Mleiha,https://www.tripadvisor.com/Search?q=Mleiha%20stargazing%20Mleiha%2C%20Sharjah,Mleiha stargazing,Quiet and dark,3,carousel · candid,"a real visitor photo — people in frame, imperfect light",Sharjah24 government-media photograph for Mleiha's Perseids event; a guide and two guests gather around the telescope beside the branded 4x4 under the stars; a four-pixel source-border artifact was trimmed from the bottom.,1920,1076,716488
mleiha-04.jpg,not_found,waived,,,https://www.instagram.com/explore/tags/mleihastargazing,Mleiha stargazing,Quiet and dark,4,carousel · candid,"something from the venue's own Instagram, or a tagged post",Instagram assets were not durably downloadable with exact provenance; later search results repeated the official telescope photograph or used unrelated generic night skies.,,,
talise-01.jpg,downloaded,selected,https://cdn.jumeirah.com/api/public/content/a51e7f14c9cc462c83c5301b6177a361?v=b2ca7861,https://www.jumeirah.com/fr/article/stories/dubai/the-fascinating-details-of-talise-ottoman-spa,https://www.jumeirah.com/en/stay/dubai/jumeirah-zabeel-saray/wellness/talise-ottoman-spa,Talise Ottoman Spa,Quiet and dark,1,hero · official,the signature wide shot,Official Jumeirah editorial photograph; dramatic crop-safe pool interior with Ottoman lanterns and a guest establishes the exact spa experience.,1920,1080,201255
talise-02.jpg,downloaded,selected,https://cdn.jumeirah.com/api/public/content/71ff99e9064c4b69923d369274e7bc11?v=19f5a0e8,https://www.jumeirah.com/fr/article/stories/dubai/the-fascinating-details-of-talise-ottoman-spa,https://www.jumeirah.com/en/stay/dubai/jumeirah-zabeel-saray/wellness/talise-ottoman-spa,Talise Ottoman Spa,Quiet and dark,2,carousel · official,"a second angle — interior, or the thing itself close up",Official Jumeirah editorial photograph; close study of the monumental turquoise spa door and its intricate metalwork.,1920,1080,609756
talise-03.jpg,downloaded,selected,https://cdn.jumeirah.com/api/public/content/51e05a9559564cd19b4177547505e1c0?v=c1228a1e,https://www.jumeirah.com/fr/article/stories/dubai/the-fascinating-details-of-talise-ottoman-spa,https://www.tripadvisor.com/Search?q=Talise%20Ottoman%20Spa%20Jumeirah%20Zabeel%20Saray%2C%20The%20Palm,Talise Ottoman Spa,Quiet and dark,3,carousel · candid,"a real visitor photo — people in frame, imperfect light",Official Jumeirah editorial photograph illustrating a couples treatment; exact venue imagery substitutes for inaccessible review photography.,1920,1080,158251
lovelakes-01.jpg,downloaded,selected,https://upload.wikimedia.org/wikipedia/commons/thumb/f/f2/LOVE_LAKE_DUBAI.jpg/3840px-LOVE_LAKE_DUBAI.jpg?utm_source=commons.wikimedia.org&utm_campaign=imageinfo&utm_content=thumbnail,https://commons.wikimedia.org/wiki/File:LOVE_LAKE_DUBAI.jpg,https://www.google.com/search?tbm=isch&q=Al%20Qudra%20and%20the%20Love%20Lakes%20Dubai,Al Qudra and the Love Lakes,Quiet and dark,1,hero · official,the signature wide shot,Exact wide sunset view across Love Lake; Commons creator and reuse terms are on the source page.,2000,1126,495282
lovelakes-02.jpg,downloaded,selected,https://upload.wikimedia.org/wikipedia/commons/thumb/8/84/Love_lakes_DDE351EC-AC8A-42CE-A595-2EE2B5DFC103.jpg/3840px-Love_lakes_DDE351EC-AC8A-42CE-A595-2EE2B5DFC103.jpg?utm_source=commons.wikimedia.org&utm_campaign=imageinfo&utm_content=thumbnail,https://commons.wikimedia.org/wiki/File:Love_lakes_DDE351EC-AC8A-42CE-A595-2EE2B5DFC103.jpg,https://www.google.com/search?tbm=isch&q=Al%20Qudra%20and%20the%20Love%20Lakes%20Dubai,Al Qudra and the Love Lakes,Quiet and dark,2,carousel · official,"a second angle — interior, or the thing itself close up","Exact reflective sculpture and lakeside view at Love Lake, compositionally distinct from the sunset hero.",2000,1500,591282
lovelakes-03.jpg,downloaded,selected,https://upload.wikimedia.org/wikipedia/commons/thumb/2/2b/Love_lake_honeymoon_%21.jpg/3840px-Love_lake_honeymoon_%21.jpg?utm_source=commons.wikimedia.org&utm_campaign=imageinfo&utm_content=thumbnail,https://commons.wikimedia.org/wiki/File:Love_lake_honeymoon_!.jpg,https://www.tripadvisor.com/Search?q=Al%20Qudra%20and%20the%20Love%20Lakes%20Al%20Qudra,Al Qudra and the Love Lakes,Quiet and dark,3,carousel · candid,"a real visitor photo — people in frame, imperfect light",Exact candid couple portrait at Love Lake; used as honest visitor context in place of an inaccessible review-platform binary.,2000,1500,672769
lovelakes-04.jpg,not_found,waived,,,https://www.instagram.com/explore/tags/alqudraandthelovelakes,Al Qudra and the Love Lakes,Quiet and dark,4,carousel · candid,"something from the venue's own Instagram, or a tagged post","No distinct, attributable Love Lake tagged-social image meeting the quality floor was found; the requested tag was inaccessible.",,,
yacht-01.jpg,downloaded,selected,https://file.skywalker.ae/yachts/2025/11/17/20251117133926A387.webp,https://www.skywalker.ae/news/best-sunset-yacht-rental-dubai-palm-jumeirah-prices-routes-booking-tips-2025/,https://www.google.com/search?tbm=isch&q=A%20boat%20at%20sunset%20Dubai,A boat at sunset,Quiet and dark,1,hero · official,the signature wide shot,Exact current Dubai charter-operator view of a yacht crossing pink sunset water.,1300,800,145260
yacht-02.jpg,downloaded,selected,https://file.skywalker.ae/yachts/2025/11/17/20251117133712A383.webp,https://www.skywalker.ae/news/best-sunset-yacht-rental-dubai-palm-jumeirah-prices-routes-booking-tips-2025/,https://www.google.com/search?tbm=isch&q=A%20boat%20at%20sunset%20Dubai,A boat at sunset,Quiet and dark,2,carousel · official,"a second angle — interior, or the thing itself close up",Exact current operator view of a yacht with Burj Al Arab in the sunset background.,1300,800,121497
yacht-03.jpg,downloaded,selected,https://file.skywalker.ae/yachts/2025/11/17/20251117133641A382.webp,https://www.skywalker.ae/news/best-sunset-yacht-rental-dubai-palm-jumeirah-prices-routes-booking-tips-2025/,https://www.tripadvisor.com/Search?q=A%20boat%20at%20sunset%20Dubai%20Marina,A boat at sunset,Quiet and dark,3,carousel · candid,"a real visitor photo — people in frame, imperfect light","Exact current operator aerial of a yacht tracing Palm Jumeirah toward Atlantis, selected as route context when no clean candid was available.",1300,800,199337
yacht-04.jpg,downloaded,selected,https://file.skywalker.ae/yachts/2025/11/17/20251117133741A384.webp,https://www.skywalker.ae/news/best-sunset-yacht-rental-dubai-palm-jumeirah-prices-routes-booking-tips-2025/,https://www.instagram.com/explore/tags/aboatatsunset,A boat at sunset,Quiet and dark,4,carousel · candid,"something from the venue's own Instagram, or a tagged post",Exact current operator view of a yacht against the Dubai Marina skyline at golden hour.,1300,800,163986
opera-01.jpg,downloaded,selected,https://images.pexels.com/photos/35665799/pexels-photo-35665799.jpeg?cs=srgb&dl=pexels-dawidtkocz-35665799.jpg&fm=jpg,https://www.pexels.com/photo/dubai-opera-at-night-with-modern-architecture-35665799/,https://www.dubaiopera.com/,Dubai Opera,Quiet and dark,1,hero · official,the signature wide shot,Exact free-stock night exterior of Dubai Opera; used because the current official site's linked venue binaries return access errors.,2000,1333,618314
opera-02.jpg,downloaded,selected,https://upload.wikimedia.org/wikipedia/commons/4/48/Inside_the_Dubai_Opera.jpg?utm_source=commons.wikimedia.org&utm_campaign=imageinfo&utm_content=thumbnail_unscaled,https://commons.wikimedia.org/wiki/File:Inside_the_Dubai_Opera.jpg,https://www.dubaiopera.com/,Dubai Opera,Quiet and dark,2,carousel · official,"a second angle — interior, or the thing itself close up",Exact visitor view inside Dubai Opera; Commons attribution and reuse terms are on the source page.,1500,2000,531019
opera-03.jpg,downloaded,selected,https://uae-cms.emaar.com/uploads/post_417614_hero_12c3797414.jpg,https://www.emaar.com/en/blog/dubai-opera-cultural-landmark-in-dubai-by-emaar,https://www.tripadvisor.com/Search?q=Dubai%20Opera%20Downtown,Dubai Opera,Quiet and dark,3,carousel · candid,"a real visitor photo — people in frame, imperfect light",Official Emaar editorial photograph; a packed Dubai Opera auditorium surrounds a live stage performance and visible orchestra pit for strong exact-venue audience context.,1920,1080,1807270
kayaksunrise-01.jpg,downloaded,selected,https://www.thenationalnews.com/resizer/v2/MQNDGPJ7Z7QWDJQUQNJOGZWC2U.jpg?auth=b96844ce1da203988c210a31950a2bf092f80db5a1f3fb788349e2f5a45f45d4&height=900&smart=true&width=1600,https://www.thenationalnews.com/gulf-news/fun-in-the-sun-on-dubai-s-kite-beach-in-pictures-1.1237828,https://www.google.com/search?tbm=isch&q=Kayak%20or%20paddleboard%20at%20sunrise%20Dubai,Kayak or paddleboard at sunrise,Quiet and dark,1,hero · official,the signature wide shot,Exact editorial paddleboarding action at Dubai's Kite Beach near golden hour.,1600,900,458260
kayaksunrise-02.jpg,downloaded,selected,https://da28ojrjakn6f.cloudfront.net/tickets/32988/NEW/img_1671008976_1671008992__standuppaddle1.jpg?v=1.1.0,https://experiences.visitdubai.com/productDetail/35818,https://www.google.com/search?tbm=isch&q=Kayak%20or%20paddleboard%20at%20sunrise%20Dubai,Kayak or paddleboard at sunrise,Quiet and dark,2,carousel · official,"a second angle — interior, or the thing itself close up","Exact Visit Dubai booking image of stand-up paddleboarding on Palm Jumeirah with Burj Al Arab behind; selected as bright, landscape Dubai context distinct from the sunrise silhouette.",1920,1080,300273
kayaksunrise-03.jpg,not_found,waived,,,https://www.tripadvisor.com/Search?q=Kayak%20or%20paddleboard%20at%20sunrise%20Kite%20Beach%20%2F%20The%20Palm,Kayak or paddleboard at sunrise,Quiet and dark,3,carousel · candid,"a real visitor photo — people in frame, imperfect light",No additional attributable Kite Beach or Palm review candid meeting the quality floor was found after selecting exact editorial action and sunrise category context.,,,
picnic-01.jpg,downloaded,selected,https://images.pexels.com/photos/8351229/pexels-photo-8351229.jpeg?cs=srgb&dl=pexels-mikhail-nilov-8351229.jpg&fm=jpg,https://www.pexels.com/photo/a-couple-having-a-picnic-together-8351229/,https://unsplash.com/s/photos/blanket-and-lantern%2C-desert-at-dusk,A picnic somewhere with no lights,Quiet and dark,1,hero · category,"blanket and lantern, desert at dusk",Representative free-stock couple sharing a blanket picnic in a sandy landscape; no Dubai venue is implied.,1333,2000,344162
picnic-02.jpg,downloaded,selected,https://images.unsplash.com/photo-1760937581288-89666e107923?auto=format&fit=crop&fm=jpg&ixid=M3wxMjA3fDB8MHxwaG90by1wYWdlfHx8fGVufDB8fHx8fA%3D%3D&ixlib=rb-4.1.0&q=60&w=3000,https://unsplash.com/photos/lantern-hanging-on-a-wooden-post-in-the-desert-A8Edq46YMxU,https://www.google.com/search?tbm=isch&q=blanket%20and%20lantern%2C%20desert%20at%20dusk%20Dubai,A picnic somewhere with no lights,Quiet and dark,2,carousel · category,"blanket and lantern, desert at dusk, Dubai if possible","Exact Dubai-desert lantern detail under the Unsplash license, adding the intended no-light-pollution mood.",1125,2000,329835
snoopy-01.jpg,downloaded,selected,"https://assets.zyrosite.com/cdn-cgi/image/format=auto,w=1440,h=756,fit=crop,f=jpeg/dOqbqlER9wtELn2p/photo-18-01-2015-4-30-13a-pm-YanBnMjjW7cDr6V9.jpg",https://divesandy.com/shore-dive-snoopy-island-sandy-beach-dive-academy,https://www.google.com/search?tbm=isch&q=Snorkelling%20at%20Snoopy%20Island%20Dubai,Snorkelling at Snoopy Island,Whole days elsewhere,1,hero · official,the signature wide shot,Exact official Snoopy Island shore-dive view with swimmers and snorkel gear; promoted to hero because it communicates the activity in both card and detail crops.,1440,756,233931
snoopy-02.jpg,downloaded,selected,https://upload.wikimedia.org/wikipedia/commons/thumb/a/a9/Pristine_blue_waters_of_Snoopy_Island.jpg/3840px-Pristine_blue_waters_of_Snoopy_Island.jpg?utm_source=commons.wikimedia.org&utm_campaign=imageinfo&utm_content=thumbnail,https://commons.wikimedia.org/wiki/File:Pristine_blue_waters_of_Snoopy_Island.jpg,https://www.google.com/search?tbm=isch&q=Snorkelling%20at%20Snoopy%20Island%20Dubai,Snorkelling at Snoopy Island,Whole days elsewhere,2,carousel · official,"a second angle — interior, or the thing itself close up",Exact Snoopy Island beach view; Commons creator and reuse terms are on the source page.,2000,1500,513443
snoopy-03.jpg,downloaded,selected,https://upload.wikimedia.org/wikipedia/commons/thumb/0/0e/Fujairah_Beach.jpg/3840px-Fujairah_Beach.jpg?utm_source=commons.wikimedia.org&utm_campaign=imageinfo&utm_content=thumbnail,https://commons.wikimedia.org/wiki/File:Fujairah_Beach.jpg,https://www.tripadvisor.com/Search?q=Snorkelling%20at%20Snoopy%20Island%20Al%20Aqah%2C%20Fujairah,Snorkelling at Snoopy Island,Whole days elsewhere,3,carousel · candid,"a real visitor photo — people in frame, imperfect light",Exact visitor-in-the-water view toward Snoopy Island; used as the candid activity context.,2000,1328,434937
snoopy-04.jpg,downloaded,selected,https://upload.wikimedia.org/wikipedia/commons/thumb/6/60/Snoopy_Island_Long_Exposure.jpg/3840px-Snoopy_Island_Long_Exposure.jpg?utm_source=commons.wikimedia.org&utm_campaign=imageinfo&utm_content=thumbnail,https://commons.wikimedia.org/wiki/File:Snoopy_Island_Long_Exposure.jpg,https://www.instagram.com/explore/tags/snorkellingatsnoopyisland,Snorkelling at Snoopy Island,Whole days elsewhere,4,carousel · candid,"something from the venue's own Instagram, or a tagged post",Exact atmospheric view of Snoopy Island; used in place of an inaccessible tagged social post.,2000,1333,135725
musandam-01.jpg,downloaded,selected,https://upload.wikimedia.org/wikipedia/commons/thumb/0/03/Khor_Ash_Sham_%2838529258240%29.jpg/3840px-Khor_Ash_Sham_%2838529258240%29.jpg?utm_source=commons.wikimedia.org&utm_campaign=imageinfo&utm_content=thumbnail,https://commons.wikimedia.org/wiki/File:Khor_Ash_Sham_(38529258240).jpg,https://sheesabeach.com/liveaboard/,Musandam by dhow,Whole days elsewhere,1,hero · official,the signature wide shot,Exact Musandam dhow-and-fjords hero; Commons creator and reuse terms are on the source page.,2000,1333,377132
musandam-02.jpg,downloaded,selected,https://upload.wikimedia.org/wikipedia/commons/thumb/f/fd/Dhow_Cruise%2C_Khasab%2C_Oman_-_panoramio_%282%29.jpg/3840px-Dhow_Cruise%2C_Khasab%2C_Oman_-_panoramio_%282%29.jpg?utm_source=commons.wikimedia.org&utm_campaign=imageinfo&utm_content=thumbnail,"https://commons.wikimedia.org/wiki/File:Dhow_Cruise,_Khasab,_Oman_-_panoramio_(2).jpg",https://sheesabeach.com/liveaboard/,Musandam by dhow,Whole days elsewhere,2,carousel · official,"a second angle — interior, or the thing itself close up",Exact Khasab dhow-cruise scene with multiple boats and passengers.,2000,1500,585027
musandam-03.jpg,downloaded,selected,https://upload.wikimedia.org/wikipedia/commons/thumb/9/9b/Full_Day_Dhow_Cruise_in_Khasab_Musandam.jpg/3840px-Full_Day_Dhow_Cruise_in_Khasab_Musandam.jpg?utm_source=commons.wikimedia.org&utm_campaign=imageinfo&utm_content=thumbnail,https://commons.wikimedia.org/wiki/File:Full_Day_Dhow_Cruise_in_Khasab_Musandam.jpg,https://www.tripadvisor.com/Search?q=Musandam%20by%20dhow%20Dibba%2C%20Oman,Musandam by dhow,Whole days elsewhere,3,carousel · candid,"a real visitor photo — people in frame, imperfect light",Exact candid passenger view aboard a traditional Musandam dhow.,2000,1333,290409
musandam-04.jpg,downloaded,selected,https://upload.wikimedia.org/wikipedia/commons/thumb/1/11/Musandam_Dhow_Cruise_%2815992601694%29.jpg/3840px-Musandam_Dhow_Cruise_%2815992601694%29.jpg?utm_source=commons.wikimedia.org&utm_campaign=imageinfo&utm_content=thumbnail,https://commons.wikimedia.org/wiki/File:Musandam_Dhow_Cruise_(15992601694).jpg,https://www.instagram.com/explore/tags/musandambydhow,Musandam by dhow,Whole days elsewhere,4,carousel · candid,"something from the venue's own Instagram, or a tagged post",Exact on-the-water Musandam fjord context; used in place of an inaccessible tagged social post.,2000,1339,509211
musandam-05.jpg,downloaded,selected,https://upload.wikimedia.org/wikipedia/commons/thumb/3/3c/Dhow_trip_in_the_fjords_of_Musandam%2C_Oman_%2836208084624%29.jpg/3840px-Dhow_trip_in_the_fjords_of_Musandam%2C_Oman_%2836208084624%29.jpg?utm_source=commons.wikimedia.org&utm_campaign=imageinfo&utm_content=thumbnail,"https://commons.wikimedia.org/wiki/File:Dhow_trip_in_the_fjords_of_Musandam,_Oman_(36208084624).jpg",https://www.google.com/search?tbm=isch&q=Musandam%20by%20dhow%20Dibba%2C%20Oman%20photos,Musandam by dhow,Whole days elsewhere,5,carousel · any,whatever else is genuinely good,"Exact wide fjord view from a dhow trip, compositionally distinct from the boat portraits.",2000,1040,271007
hatta-01.jpg,downloaded,selected,https://cdn.prod.website-files.com/64ffd6c42ea5a246c5d6cc3e/694e64ca1b61aa249d4f8c16_hatta%20wadi%20hub.png,https://www.visithatta.com/en/offer/hatta-wadi-hub,https://www.visithatta.com/en/things-to-do/hatta-wadi-hub,Hatta,Whole days elsewhere,1,hero · official,the signature wide shot,Exact official Hatta Wadi Hub mountain-biking hero.,1920,1281,333853
hatta-02.jpg,downloaded,selected,https://cdn.prod.website-files.com/64ffd6c42ea5a246c5d6cc3e/683007b3b853535f594f45be_image12.avif,https://www.visithatta.com/en/offer/hatta-wadi-hub,https://www.visithatta.com/en/things-to-do/hatta-wadi-hub,Hatta,Whole days elsewhere,2,carousel · official,"a second angle — interior, or the thing itself close up",Exact official trail-riding action view at Hatta Wadi Hub.,1024,768,175294
hatta-03.jpg,downloaded,selected,https://cdn.prod.website-files.com/64ffd6c42ea5a246c5d6cc3e/68306d43025c763b62aa6f7f_image5.avif,https://www.visithatta.com/en/offer/hatta-wadi-hub,https://www.tripadvisor.com/Search?q=Hatta%20Hatta,Hatta,Whole days elsewhere,3,carousel · candid,"a real visitor photo — people in frame, imperfect light",Exact official candid group hike at sunset.,1200,800,158561
hatta-04.jpg,downloaded,selected,https://cdn.prod.website-files.com/64ffd6c42ea5a246c5d6cc3e/683d96cc8799f0d832bc9f3c_image3.avif,https://www.visithatta.com/en/offer/hatta-wadi-hub,https://www.instagram.com/explore/tags/hatta,Hatta,Whole days elsewhere,4,carousel · candid,"something from the venue's own Instagram, or a tagged post",Exact official kayaking view; used in place of an inaccessible tagged social post.,800,533,88961
hatta-05.jpg,downloaded,selected,https://cdn.prod.website-files.com/64ffd6c42ea5a246c5d6cc3e/68300dd6a88b808517f8009d_image17.avif,https://www.visithatta.com/en/offer/hatta-wadi-hub,https://www.google.com/search?tbm=isch&q=Hatta%20Hatta%20photos,Hatta,Whole days elsewhere,5,carousel · any,whatever else is genuinely good,"Exact official mountain-stay view, adding a quiet counterpoint to the action images.",1450,966,250445
jebeljais-01.jpg,downloaded,selected,https://visitjebeljais.com/hubfs/Jebel_Jais_2025/Images/_DSC0025%20%28Large%29%20%282%29.jpg,https://visitjebeljais.com/,https://visitjebeljais.com/,Jebel Jais,Whole days elsewhere,1,hero · official,the signature wide shot,Exact official sunset panorama from Jebel Jais.,1620,1080,177205
jebeljais-02.jpg,downloaded,selected,https://visitjebeljais.com/hs-fs/hubfs/_DSC0864.jpg?width=2000&name=_DSC0864.jpg,https://visitjebeljais.com/,https://visitjebeljais.com/,Jebel Jais,Whole days elsewhere,2,carousel · official,"a second angle — interior, or the thing itself close up",Exact official cycling scene with the Hajar Mountains behind it.,2000,1333,535260
jebeljais-03.jpg,downloaded,selected,https://visitjebeljais.com/hubfs/Jebel_Jais_2025/Images/Highlander%202021%20%28Large%29-1.jpg,https://visitjebeljais.com/,https://www.tripadvisor.com/Search?q=Jebel%20Jais%20Ras%20Al%20Khaimah,Jebel Jais,Whole days elsewhere,3,carousel · candid,"a real visitor photo — people in frame, imperfect light",Exact official candid group hike on the mountain.,1500,1000,254688
jebeljais-04.jpg,downloaded,selected,https://visitjebeljais.com/hubfs/Jebel_Jais_2025/Images/About/DSC07143-3%20%28Large%29.jpg,https://visitjebeljais.com/,https://www.instagram.com/explore/tags/jebeljais,Jebel Jais,Whole days elsewhere,4,carousel · candid,"something from the venue's own Instagram, or a tagged post",Exact official trail-running view; used in place of an inaccessible tagged social post.,1620,1080,153113
jebeljais-05.jpg,downloaded,selected,https://visitjebeljais.com/hubfs/_DSC0836%20%281%29.jpg,https://visitjebeljais.com/,https://www.google.com/search?tbm=isch&q=Jebel%20Jais%20Ras%20Al%20Khaimah%20photos,Jebel Jais,Whole days elsewhere,5,carousel · any,whatever else is genuinely good,"Exact official summit-rest scene, compositionally distinct from the activity shots.",1800,794,144592
abudhabiday-01.jpg,downloaded,selected,https://static.myconnect.ae/-/media/yasconnect/project/tlp/explore/artworks/light-vortex-2-169f.jpg?h=1080&w=1920,https://www.teamlababudhabi.com/en/explore/artworks,https://www.teamlababudhabi.com/en/plan-your-visit,A day in Abu Dhabi,Whole days elsewhere,1,hero · official,the signature wide shot,Exact official landscape view of Light Vortex at teamLab Phenomena Abu Dhabi.,1920,1080,371029
abudhabiday-02.jpg,downloaded,selected,https://static.myconnect.ae/-/media/yasconnect/project/tlp/explore/artworks/main_morphing-continuum_abudhabi___34.jpg,https://www.teamlababudhabi.com/en/explore/artworks,https://www.teamlababudhabi.com/en/plan-your-visit,A day in Abu Dhabi,Whole days elsewhere,2,carousel · official,"a second angle — interior, or the thing itself close up",Exact official Morphing Continuum installation at teamLab Phenomena Abu Dhabi.,690,920,150300
abudhabiday-03.jpg,downloaded,selected,https://static.myconnect.ae/-/media/yasconnect/project/tlp/people/tlp-13-169f.jpg?h=1080&w=1920,https://www.teamlababudhabi.com/en/plan-your-visit,https://www.tripadvisor.com/Search?q=A%20day%20in%20Abu%20Dhabi%20Yas%20%26%20Saadiyat%2C%20Abu%20Dhabi,A day in Abu Dhabi,Whole days elsewhere,3,carousel · candid,"a real visitor photo — people in frame, imperfect light",Exact official exterior of teamLab Phenomena in Saadiyat Cultural District.,1920,1080,138294
abudhabiday-04.jpg,downloaded,selected,https://static.myconnect.ae/-/media/yasconnect/project/clymb/new-clymb2023/home-page/beginner-flying/1500x964-cardimage.jpg,https://www.clymbabudhabi.com/en/explore,https://www.instagram.com/explore/tags/adayinabudhabi,A day in Abu Dhabi,Whole days elsewhere,4,carousel · candid,"something from the venue's own Instagram, or a tagged post",Exact official first-time flyer with an instructor inside the branded CLYMB wind tunnel.,1500,964,123218
yasraid-01.jpg,downloaded,selected,https://static.myconnect.ae/-/media/yasconnect/project/yasisland/aaamain/multipark2024/tabsmulti1fwd.jpg?w=2000,https://www.yasisland.com/en,https://www.google.com/search?tbm=isch&q=Two%20days%20on%20Yas%20Island%20Dubai,Two days on Yas Island,Whole days elsewhere,1,hero · official,the signature wide shot,Exact official Ferrari World action panorama from Yas Island's multi-park guide.,1448,568,213936
yasraid-02.jpg,downloaded,selected,https://static.myconnect.ae/-/media/yasconnect/project/yasisland/aaamain/multipark2024/tabsmulti1ywwd3.jpg?w=2000,https://www.yasisland.com/en,https://www.google.com/search?tbm=isch&q=Two%20days%20on%20Yas%20Island%20Dubai,Two days on Yas Island,Whole days elsewhere,2,carousel · official,"a second angle — interior, or the thing itself close up",Exact official Yas Waterworld action panorama from Yas Island's multi-park guide.,1448,568,201034
yasraid-03.jpg,downloaded,selected,https://static.myconnect.ae/-/media/yasconnect/project/yasisland/hotels/hilton-yas-island/hiltonnewjuly/slider-desktop.jpg?w=1024,https://www.yasisland.com/en,https://www.tripadvisor.com/Search?q=Two%20days%20on%20Yas%20Island%20Yas%20Island%2C%20Abu%20Dhabi,Two days on Yas Island,Whole days elsewhere,3,carousel · candid,"a real visitor photo — people in frame, imperfect light",Exact official on-island hotel context for the overnight part of the itinerary.,1024,433,154570
yasraid-04.jpg,downloaded,selected,https://static.myconnect.ae/-/media/yasconnect/project/yasisland/aaamain/yi-home-of-f1.jpg,https://www.yasisland.com/en,https://www.instagram.com/explore/tags/twodaysonyasisland,Two days on Yas Island,Whole days elsewhere,4,carousel · candid,"something from the venue's own Instagram, or a tagged post","Exact official Yas Marina Circuit view, adding a distinct island-scale context.",900,600,141708
fujairah-01.jpg,downloaded,selected,https://fujairah.ae/HomeSlider/boat.jpg,https://www.fujairah.ae/en/Pages/default.aspx,https://www.google.com/search?tbm=isch&q=The%20east%20coast%20Dubai,The east coast,Whole days elsewhere,1,hero · official,the signature wide shot,Exact official Fujairah east-coast beach hero with kayaks and mountains.,1200,800,130598
fujairah-02.jpg,downloaded,selected,https://fujairah.ae/HomeSlider/fort.jpg,https://www.fujairah.ae/en/Pages/default.aspx,https://www.google.com/search?tbm=isch&q=The%20east%20coast%20Dubai,The east coast,Whole days elsewhere,2,carousel · official,"a second angle — interior, or the thing itself close up",Exact official Fujairah Fort view.,1200,800,180096
fujairah-03.jpg,downloaded,selected,https://fujairah.ae/HomeSlider/mosque.jpg,https://www.fujairah.ae/en/Pages/default.aspx,https://www.tripadvisor.com/Search?q=The%20east%20coast%20Fujairah,The east coast,Whole days elsewhere,3,carousel · candid,"a real visitor photo — people in frame, imperfect light",Exact official nighttime view of Sheikh Zayed Mosque in Fujairah.,1200,800,196765
fujairah-04.jpg,downloaded,selected,https://upload.wikimedia.org/wikipedia/commons/thumb/e/e6/Fujairah_Coast.jpg/3840px-Fujairah_Coast.jpg?utm_source=commons.wikimedia.org&utm_campaign=imageinfo&utm_content=thumbnail,https://commons.wikimedia.org/wiki/File:Fujairah_Coast.jpg,https://www.instagram.com/explore/tags/theeastcoast,The east coast,Whole days elsewhere,4,carousel · candid,"something from the venue's own Instagram, or a tagged post",Exact east-coast sea view; Commons creator and reuse terms are on the source page.,2000,1333,494996
alain-01.jpg,downloaded,selected,https://visitabudhabi.ae/-/media/project/vad/things-to-do/nature-and-wildlife-mfd/natural-wonders/al-ain-oasis/new-rebrand-image/header/al-ain-oasis.jpg?rev=7b1328f409b24a54bc6188490dc6c3a4,https://visitabudhabi.ae/en/things-to-do/nature-and-wildlife/natural-wonders/al-ain-oasis,https://www.google.com/search?tbm=isch&q=Al%20Ain%20oasis%20Dubai,Al Ain oasis,Whole days elsewhere,1,hero · official,the signature wide shot,Exact official Al Ain Oasis hero with visitors beneath the palms.,2000,1334,952515
alain-02.jpg,downloaded,selected,https://upload.wikimedia.org/wikipedia/commons/thumb/2/2a/Falaj_irrigation_system_at_Al_Ain_Oasis.jpg/1920px-Falaj_irrigation_system_at_Al_Ain_Oasis.jpg?utm_source=commons.wikimedia.org&utm_campaign=imageinfo&utm_content=thumbnail,https://commons.wikimedia.org/wiki/File:Falaj_irrigation_system_at_Al_Ain_Oasis.jpg,https://www.google.com/search?tbm=isch&q=Al%20Ain%20oasis%20Dubai,Al Ain oasis,Whole days elsewhere,2,carousel · official,"a second angle — interior, or the thing itself close up",Exact close view of the oasis's working falaj irrigation channel; deliberately framed landscape around the channel so it survives the site's wide crop.,1920,1080,869576
alain-03.jpg,downloaded,selected,https://upload.wikimedia.org/wikipedia/commons/thumb/d/db/Al-Ain_Oasis_%285%29.jpg/3840px-Al-Ain_Oasis_%285%29.jpg?utm_source=commons.wikimedia.org&utm_campaign=imageinfo&utm_content=thumbnail,https://commons.wikimedia.org/wiki/File:Al-Ain_Oasis_(5).jpg,https://www.tripadvisor.com/Search?q=Al%20Ain%20oasis%20Al%20Ain,Al Ain oasis,Whole days elsewhere,3,carousel · candid,"a real visitor photo — people in frame, imperfect light",Exact walker's-eye view along a shaded oasis path; Commons attribution is on the source page.,2000,1500,1008949
vibrissae-01.jpg,downloaded,selected,https://img.magicpin.com/10577414_store_images_14.webp,https://magicpin.com/uae/Dubai/Dubai-Festival-City/Other/Cat-Cafe-Vibrissae-Dubai-Creek-Harbour/store/2264633,https://www.vibrissaecafe.com/book-now/dubai-creek-harbour,Cat Café Vibrissae · Creek Harbour,"Fur, feathers and scales",1,hero · candid,calm voluntary cat interaction at the exact branch,Attributable Magicpin listing asset for the exact Creek Harbour venue; the lap-level encounter makes the strongest card lead without depicting restraint. Source WebP was converted to JPEG; subject remains clear in a centered wide crop.,800,600,434955
vibrissae-02.jpg,downloaded,selected,https://www.vibrissaecafe.com/web/image/9335-9ffae1f9/creek%20image.webp,https://www.vibrissaecafe.com/,https://www.vibrissaecafe.com/book-now/dubai-creek-harbour,Cat Café Vibrissae · Creek Harbour,"Fur, feathers and scales",2,carousel · official,wide minimalist Creek Harbour cat lounge,Official exact-branch interior showing the lounge layout and climbing furniture. Source WebP was converted to JPEG; the room reads cleanly in a centered wide crop.,1536,1326,1338699
vibrissae-03.jpg,downloaded,selected,https://img.magicpin.com/10577414_store_images_12.webp,https://magicpin.com/uae/Dubai/Dubai-Festival-City/Other/Cat-Cafe-Vibrissae-Dubai-Creek-Harbour/store/2264633,https://www.vibrissaecafe.com/book-now/dubai-creek-harbour,Cat Café Vibrissae · Creek Harbour,"Fur, feathers and scales",3,carousel · candid,cats investigating a sealed café drink,Attributable Magicpin listing asset for the exact Creek Harbour venue; adds a café-and-cats interaction beat without showing outside feeding. Source WebP was converted to JPEG; both cats remain visible in a centered wide crop.,800,1422,599686
vibrissae-04.jpg,downloaded,selected,https://img.magicpin.com/10577414_store_images_6.webp,https://magicpin.com/uae/Dubai/Dubai-Festival-City/Other/Cat-Cafe-Vibrissae-Dubai-Creek-Harbour/store/2264633,https://www.vibrissaecafe.com/book-now/dubai-creek-harbour,Cat Café Vibrissae · Creek Harbour,"Fur, feathers and scales",4,carousel · candid,resident cat portrait on climbing furniture,Attributable Magicpin listing asset for the exact Creek Harbour venue; close resident portrait supplies a quiet final beat. Source WebP was converted to JPEG; the face survives a centered wide crop.,800,1067,694387
fluffin-01.jpg,downloaded,selected,https://fluffin.ae/manus-storage/IMG_9050_79cc6ea2.webp,https://fluffin.ae/gallery,https://fluffin.ae/,Fluffin Dog Café,"Fur, feathers and scales",1,hero · official,two resident dogs at the Fluffin logo wall,Current official exact-venue gallery photograph; the paired dogs and logo make a clear identity-led card lead. Source WebP was converted to JPEG; both dogs remain prominent in a centered wide crop.,2048,1536,840903
fluffin-02.jpg,downloaded,selected,https://fluffin.ae/manus-storage/IMG_9048_a8088165.webp,https://fluffin.ae/gallery,https://fluffin.ae/,Fluffin Dog Café,"Fur, feathers and scales",2,carousel · official,wide dog playroom with resident dogs and rest bays,Current official exact-venue gallery photograph; establishes the playroom and the dogs' separate rest areas without implying visitor interaction. Source WebP was converted to JPEG; room and dogs remain clear in a centered wide crop.,2048,1536,1434983
fluffin-03.jpg,downloaded,selected,https://fluffin.ae/manus-storage/IMG_9037_51de4989.webp,https://fluffin.ae/gallery,https://fluffin.ae/,Fluffin Dog Café,"Fur, feathers and scales",3,carousel · official,exact Fluffin storefront at Creek Harbour,Current official exact-venue gallery photograph; storefront gives an arrival beat and confirms venue identity. Source WebP was converted to JPEG; signage remains readable in a centered wide crop.,2048,1536,2851210
fluffin-04.jpg,downloaded,selected,https://fluffin.ae/manus-storage/IMG_9040_ba95796c.webp,https://fluffin.ae/gallery,https://fluffin.ae/,Fluffin Dog Café,"Fur, feathers and scales",4,carousel · official,café counter and pastry cases,Current official exact-venue gallery photograph; the service counter closes the sequence with a differentiated food-and-drink beat. Source WebP was converted to JPEG; counter and cases remain clear in a centered wide crop.,2048,1536,1856759
platinumcamel-01.jpg,downloaded,selected,https://uae.platinum-heritage.com/media/2811/1_web.jpg,https://uae.platinum-heritage.com/camel-desert-safari,https://uae.platinum-heritage.com/camel-desert-safari,Platinum Heritage Camel Desert Safari,"Fur, feathers and scales",1,hero · official,camel convoy crossing the conservation reserve,"Exact official activity-gallery photograph; the riders, guide, saddles, and dunes establish the 45-minute camel safari without generic stock imagery.",960,640,179762
platinumcamel-02.jpg,downloaded,selected,https://uae.platinum-heritage.com/media/2568/3_web.jpg,https://uae.platinum-heritage.com/camel-desert-safari,https://uae.platinum-heritage.com/camel-desert-safari,Platinum Heritage Camel Desert Safari,"Fur, feathers and scales",2,carousel · official,sunset falcon demonstration,Exact official activity-gallery photograph; a falcon in flight differentiates the second beat from the mounted desert sequence.,960,640,156644
platinumcamel-03.jpg,downloaded,selected,https://uae.platinum-heritage.com/media/2570/4_web.jpg,https://uae.platinum-heritage.com/camel-desert-safari,https://uae.platinum-heritage.com/camel-desert-safari,Platinum Heritage Camel Desert Safari,"Fur, feathers and scales",3,carousel · official,Arabic coffee making inside the camp,Exact official activity-gallery photograph; intimate camp detail supplies a quieter cultural beat after the outdoor scenes.,960,640,172354
platinumcamel-04.jpg,downloaded,selected,https://uae.platinum-heritage.com/media/2574/6_web.jpg,https://uae.platinum-heritage.com/camel-desert-safari,https://uae.platinum-heritage.com/camel-desert-safari,Platinum Heritage Camel Desert Safari,"Fur, feathers and scales",4,carousel · official,night performance at the Bedouin-style camp,Exact official activity-gallery photograph; live drumming at night closes the seven-hour experience with a distinct low-light scene.,960,640,158887
camelfarm-01.jpg,downloaded,selected,https://cloudfront-eu-central-1.images.arcpublishing.com/thenational/3S4BVW6ZBCQHYENIJYEL4MNBIA.jpg,https://www.thenationalnews.com/lifestyle/travel/how-the-camel-farm-in-al-lisaili-has-become-an-oasis-of-fun-in-the-dubai-desert-1.820259,https://thecamelfarm.ae/,The Camel Farm,"Fur, feathers and scales",1,hero · editorial,wide exact-farm camel ride with guide,"The National exact-venue feature by Chris Whiteoak; dramatic clean ride composition selected because the current official site lacks a robust desert-ride gallery. Published 2019, so use as representative venue imagery rather than proof of current tack or routing.",1920,1280,231800
camelfarm-02.jpg,downloaded,selected,https://cloudfront-eu-central-1.images.arcpublishing.com/thenational/WEGJF3SLM3C3XT2GOIIXT37GJA.jpg,https://www.thenationalnews.com/lifestyle/travel/how-the-camel-farm-in-al-lisaili-has-become-an-oasis-of-fun-in-the-dubai-desert-1.820259,https://thecamelfarm.ae/,The Camel Farm,"Fur, feathers and scales",2,carousel · candid,visitors feeding camels at the exact farm,The National exact-venue feature by Chris Whiteoak; an active visitor-feeding scene adds people and farm context without repeating the ride frame.,1920,1280,212214
camelfarm-03.jpg,downloaded,selected,https://cloudfront-eu-central-1.images.arcpublishing.com/thenational/DTJRWALAI5NUWTIOL3FI3W6QPU.jpg,https://www.thenationalnews.com/lifestyle/travel/how-the-camel-farm-in-al-lisaili-has-become-an-oasis-of-fun-in-the-dubai-desert-1.820259,https://thecamelfarm.ae/,The Camel Farm,"Fur, feathers and scales",3,carousel · editorial,camels eating locally grown grass,The National exact-venue feature by Chris Whiteoak; calm herd-feeding detail provides a care-context counterpoint. Chosen instead of the outlet's camel-hug frame to avoid reinforcing an unsupported therapy claim.,1920,1305,280613
camelfarm-04.jpg,downloaded,selected,https://images.squarespace-cdn.com/content/v1/61d1931fec34746b3ee1997f/8c8d2c78-7a72-4bcd-9365-367a6cb910db/DSCF8533_l.jpg?format=2500w,https://thecamelfarm.ae/animals,https://thecamelfarm.ae/,The Camel Farm,"Fur, feathers and scales",4,carousel · official,close portrait of one of the farm's camels,"Current official animal-gallery photograph from The Camel Farm; the Squarespace CDN returned WebP, so the selected copy was converted to JPEG and deliberately face-cropped for the site's extra-wide carousel.",1333,497,119256
falconhospital-01.jpg,downloaded,selected,https://www.falconhospital.com/media/qemfsi4q/gallery-1.jpg,https://www.falconhospital.com/services/adfh-tourism/,https://www.falconhospital.com/services/adfh-tourism/abu-dhabi-falcon-hospital-tour/,Abu Dhabi Falcon Hospital,"Fur, feathers and scales",1,hero · official,the working examination room,Exact official tourism-gallery photograph of visitors gathered around a falcon on the examination table. Promoted to the lead after centred card and wide sheet crop checks because it makes the working-clinic purpose immediately clear.,1020,600,228852
falconhospital-02.jpg,downloaded,selected,https://www.falconhospital.com/media/vezjuhm1/tourism-baner-1.jpg,https://www.falconhospital.com/services/adfh-tourism/,https://www.falconhospital.com/services/adfh-tourism/abu-dhabi-falcon-hospital-tour/,Abu Dhabi Falcon Hospital,"Fur, feathers and scales",2,carousel · official,"a second clinic angle with staff, visitor and falcon","Exact official tourism hero; panoramic examination-room context with a clinician, visitor and falcon. Kept as a secondary because its 3.2:1 composition is excellent in the sheet but too crop-sensitive for the activity lead.",1920,600,436047
falconhospital-03.jpg,downloaded,selected,https://www.falconhospital.com/media/03jj4hrs/gallery-3.jpg,https://www.falconhospital.com/services/adfh-tourism/,https://www.falconhospital.com/services/adfh-tourism/abu-dhabi-falcon-hospital-tour/,Abu Dhabi Falcon Hospital,"Fur, feathers and scales",3,carousel · official,free-flight aviary and Emirati falconry context,Exact official tourism-gallery photograph; a falcon in flight with Emirati handlers in the garden supplies cultural and aviary context without repeating the examination room.,1020,600,421138
falconhospital-04.jpg,downloaded,selected,https://www.falconhospital.com/media/rj4hws3i/gallery-4.jpg,https://www.falconhospital.com/services/adfh-tourism/,https://www.falconhospital.com/services/adfh-tourism/abu-dhabi-falcon-hospital-tour/,Abu Dhabi Falcon Hospital,"Fur, feathers and scales",4,carousel · official,falconry museum tour,"Exact official tourism-gallery photograph; a guide addresses visitors inside the falconry museum, completing the tour story with cultural interpretation rather than another holding portrait.",1020,600,252580
rasalkhor-01.jpg,downloaded,selected,https://upload.wikimedia.org/wikipedia/commons/6/60/Ras_Al_Khor_Wildlife_Sanctuary_with_Dubai_Skyline.jpg,https://commons.wikimedia.org/wiki/File:Ras_Al_Khor_Wildlife_Sanctuary_with_Dubai_Skyline.jpg,https://www.dm.gov.ae/dubai-protected-areas/plan-your-visit/,Ras Al Khor Wildlife Sanctuary,"Fur, feathers and scales",1,hero · exact site,wetland and birds against the Dubai skyline,"Exact-site Wikimedia Commons photograph by Florian Kriechbaumer, CC BY-SA 4.0; the wetland, scattered flamingos and Downtown skyline establish the defining city-and-wildlife contrast. Resized locally to a 2000 px long edge.",2000,1336,669910
rasalkhor-02.jpg,downloaded,selected,https://upload.wikimedia.org/wikipedia/commons/thumb/e/e2/Bird_watch_hideouts.JPG/1920px-Bird_watch_hideouts.JPG,https://commons.wikimedia.org/wiki/File:Bird_watch_hideouts.JPG,https://www.dm.gov.ae/dubai-protected-areas/plan-your-visit/,Ras Al Khor Wildlife Sanctuary,"Fur, feathers and scales",2,carousel · exact site,the actual bird-watching hide,"Exact-site Wikimedia Commons photograph by Vicharam, available under CC BY-SA 3.0 or GFDL; the hide exterior and flamingos show the real low-key visitor infrastructure rather than a generic bird reserve.",1920,1440,920108
rasalkhor-03.jpg,downloaded,selected,https://upload.wikimedia.org/wikipedia/commons/thumb/5/5d/A_Flamingo_In_Ra%27s_Al_Khor_Wildlife_Sanctuary.jpg/3840px-A_Flamingo_In_Ra%27s_Al_Khor_Wildlife_Sanctuary.jpg?utm_source=commons.wikimedia.org&utm_campaign=index&utm_content=thumbnail,https://commons.wikimedia.org/wiki/File:A_Flamingo_In_Ra%27s_Al_Khor_Wildlife_Sanctuary.jpg,https://www.dm.gov.ae/dubai-protected-areas/plan-your-visit/,Ras Al Khor Wildlife Sanctuary,"Fur, feathers and scales",3,carousel · exact site,a close wild flamingo in the lagoon,"Exact-site Wikimedia Commons photograph by Chuck202, CC BY-SA 4.0; a single wild flamingo and its reflection provide a crisp intimate counterpoint. The 3840 px source rendition was resized locally to a 2000 px long edge and passed centred card and sheet crop checks.",2000,1333,733540
rasalkhor-04.jpg,downloaded,selected,https://upload.wikimedia.org/wikipedia/commons/thumb/f/fd/Flamingos_at_the_Ras_Al_Khor_Wildlife_Sanctuary%2C_Dubai.jpg/3840px-Flamingos_at_the_Ras_Al_Khor_Wildlife_Sanctuary%2C_Dubai.jpg?utm_source=commons.wikimedia.org&utm_campaign=imageinfo&utm_content=thumbnail,https://commons.wikimedia.org/wiki/File:Flamingos_at_the_Ras_Al_Khor_Wildlife_Sanctuary%2C_Dubai.jpg,https://www.dm.gov.ae/dubai-protected-areas/plan-your-visit/,Ras Al Khor Wildlife Sanctuary,"Fur, feathers and scales",4,carousel · exact site,a dense flock feeding together,"Exact-site Wikimedia Commons photograph by Iwona Rege, CC BY-SA 4.0; the dense flock is visually distinct from the skyline, hide and single-bird frames. A soft 900 px official image was rejected in favour of this 3840 px source, then resized locally to 2000 px and crop-checked.",2000,1333,1586935
turtlerehab-01.jpg,downloaded,selected,https://cdn.jumeirah.com/-/mediadh/dh/hospitality/jumeirah/article/stories/dubai/in-conversation-with-dubais-turtle-conservationist/jumeirah-al-naseem--turtle-rehabilitation--lagoon.jpg?h=1080&revision=ea195f27-47d8-483e-b099-33efb2bdae6f&w=1620,https://www.jumeirah.com/en/article/stories/dubai/in-conversation-with-dubais-pioneering-turtle-conservationist,https://mediahub.jumeirah.com/the-way-back-to-water/?lang=eng,Dubai Turtle Rehabilitation Project,"Fur, feathers and scales",1,hero · official,rehabilitating turtle in the public lagoon,"Exact official Jumeirah Al Naseem lagoon photograph; a close turtle at the surface leads with what an ordinary visitor can actually see, not an occasional release event.",1620,1080,307286
turtlerehab-02.jpg,downloaded,selected,https://cdn.jumeirah.com/-/mediadh/dh/hospitality/jumeirah/article/stories/dubai/immerse-yourself-in-the-world-of-ocean-conservation/hero-turtle.jpg?h=1080&modified=20240703164841&w=1620,https://www.jumeirah.com/en/article/stories/dubai/immerse-yourself-in-the-world-of-ocean-conservation,https://mediahub.jumeirah.com/the-way-back-to-water/?lang=eng,Dubai Turtle Rehabilitation Project,"Fur, feathers and scales",2,carousel · official,visitors observing a turtle in the lagoon,"Exact official Jumeirah visitor-context photograph; a family watches a surfacing turtle from the public edge, making the normal visit legible and differentiating it from the wildlife close-up.",1620,1080,515615
turtlerehab-03.jpg,downloaded,selected,https://cdn.jumeirah.com/-/mediadh/dh/hospitality/jumeirah/article/stories/global/unforgettable-eco-friendly-experiences-at-jumeirah-hotels-and-resorts/dubai-turtle-rehabilitation-project-content.jpg?modified=20240109123613,https://www.jumeirah.com/en/article/stories/global/unforgettable-eco-friendly-experiences-at-jumeirah-hotels-and-resorts,https://mediahub.jumeirah.com/the-way-back-to-water/?lang=eng,Dubai Turtle Rehabilitation Project,"Fur, feathers and scales",3,carousel · official,several turtles in the sea-fed lagoon,Exact official Jumeirah project photograph; several rehabilitating turtles together establish the clear lagoon habitat while staying within the ordinary public-visit story.,1920,1080,402224
turtlerehab-04.jpg,downloaded,selected,https://mediahub.jumeirah.com/wp-content/uploads/2026/06/510469f5a8e3e5af97cf5de9353a7ba3.png,https://mediahub.jumeirah.com/the-way-back-to-water/?lang=eng,https://mediahub.jumeirah.com/the-way-back-to-water/?lang=eng,Dubai Turtle Rehabilitation Project,"Fur, feathers and scales",4,carousel · contextual,a rehabilitated turtle returning to the sea,Official June 2026 Jumeirah conservation photograph; a beach release is included only as the final contextual frame and must not imply that release days are scheduled visitor sessions. Source PNG was converted locally to JPEG.,1920,1080,510029
opa-01.jpg,added,selected,https://whatson.ae/wp-content/uploads/2023/08/Opa-plate-smashing.jpg,https://whatson.ae/2023/08/dont-miss-the-next-legendary-summer-brunch-at-opa/,https://opaworld.com/dubai/,OPA Dubai,Long dinners,1,hero · exact venue,two diners smashing plates,"Exact OPA plate-smashing photograph from a venue-sponsored What’s On feature; the moment of impact makes the restaurant’s defining experience immediately legible. Embedded copyright metadata credits Jure Ursic.",800,533,104774
opa-02.jpg,added,selected,https://opaworld.com/wp-content/uploads/2025/01/img-dubai-gallery-3.webp,https://opaworld.com/dubai/,https://opaworld.com/dubai/,OPA Dubai,Long dinners,2,carousel · official,live singer pulling a diner into the show,"Official OPA Dubai gallery photograph; live singer, dancing diner and surrounding tables establish the participatory dinner-show atmosphere without repeating the plate-smashing lead.",2000,1333,622170
opa-03.jpg,added,selected,https://opaworld.com/wp-content/uploads/2025/01/img-dubai-gallery-1.webp,https://opaworld.com/dubai/,https://opaworld.com/dubai/,OPA Dubai,Long dinners,3,carousel · official,the blue-and-bougainvillaea dining room,"Official OPA Dubai gallery photograph; the clean wide room view shows the blue seating, white tables and dense bougainvillaea that distinguish the exact venue.",2000,1333,751932
opa-04.jpg,added,selected,https://opaworld.com/wp-content/uploads/2025/01/hero-dubai-1.webp,https://opaworld.com/dubai/,https://opaworld.com/dubai/,OPA Dubai,Long dinners,4,carousel · official,a signature Greek sharing dish,"Official OPA Dubai photograph of the mixed seafood orzo; the bright overhead food frame closes the gallery with a materially different view of the dinner itself.",1333,2000,620876
boomah-01.jpg,added,selected,https://www.arabnews.com/sites/default/files/pictures/November/20/2025/owl_flexes_wings.jpg,https://www.arabnews.com/node/2623600/lifestyle,https://www.instagram.com/boomah.ae/,Boomah Owl Café,"Fur, feathers and scales",1,hero · exact venue,an owl opening its wings on a handler's glove,"Exact Boomah photograph supplied to Arab News; the active owl and handler make the supervised interaction immediately legible while the centered face and wings survive both card and sheet framing.",1194,1200,252944
boomah-02.jpg,added,selected,https://avatars.mds.yandex.net/get-altay/19803395/2a0000019c629d115e6b334504e8ecfec5df/orig,https://maps.yango.com/en-ae/org/61921806716/,https://www.instagram.com/boomah.ae/,Boomah Owl Café,"Fur, feathers and scales",2,carousel · exact venue,the café interior with the owl room behind glass,"Recent exact-venue Yango Maps photograph; the café counter, tables, branded merchandise and glass-separated owl room establish how the two spaces relate without repeating the lead interaction.",1500,2000,879627
boomah-03.jpg,added,selected,https://www.arabnews.com/sites/default/files/pictures/November/20/2025/owl_dog.jpg,https://www.arabnews.com/node/2623600/lifestyle,https://www.instagram.com/boomah.ae/,Boomah Owl Café,"Fur, feathers and scales",3,carousel · exact venue,a visitor touching a snowy owl under supervision,"Exact Boomah photograph supplied to Arab News; the tight frame shows the optional tactile encounter clearly and supports the sheet's candid welfare context rather than presenting a generic owl portrait.",858,1200,151171
boomah-04.jpg,added,selected,https://avatars.mds.yandex.net/get-altay/19521209/2a0000019c62a3b431ab24f57eae8995a5bb/orig,https://maps.yango.com/en-ae/org/61921806716/,https://www.instagram.com/boomah.ae/,Boomah Owl Café,"Fur, feathers and scales",4,carousel · exact venue,three owl-themed drinks on branded trays,"Recent exact-venue Yango Maps photograph; the drinks and Boomah-branded trays close the gallery on the café half of the experience and give the carousel a clean still-life change of pace.",1500,2000,809630
thewall-01.jpg,downloaded,selected,https://www.thewallclimbinggym.ae/wp-content/uploads/2018/07/Feras.overhang.jpg,https://www.thewallclimbinggym.ae/history/,https://unsplash.com/s/photos/indoor-climbing-wall%2C-coloured-holds,The Wall,Something to get good at,1,hero · category,"indoor climbing wall, coloured holds",Exact-venue official photograph supersedes the category request: a roped climber on the towering orange outdoor wall conveys its scale.,1291,2000,299119
thewall-02.jpg,downloaded,selected,https://www.thewallclimbinggym.ae/wp-content/uploads/2023/09/WhatsApp-Image-2023-05-28-at-14.20.58.jpeg,https://www.thewallclimbinggym.ae/history/,https://www.google.com/search?tbm=isch&q=indoor%20climbing%20wall%2C%20coloured%20holds%20Dubai,The Wall,Something to get good at,2,carousel · category,"indoor climbing wall, coloured holds, Dubai if possible",Exact-venue official context photograph supersedes generic image search: The Wall's entrance and route sit beside Dubai's Museum of the Future.,900,1600,305951
meowtropolis-01.jpg,downloaded,selected,"https://static.wixstatic.com/media/9778b8_8063bde510a6470aa1ebb6f43256037d~mv2.jpg/v1/fit/w_2000,h_2000,q_90/9778b8_8063bde510a6470aa1ebb6f43256037d~mv2.jpg",https://www.meowtropoliscatcafe.online/,https://www.meowtropoliscatcafe.online/,Meowtropolis Cat Café,"Fur, feathers and scales",1,hero · official,cats investigating a branded café cup,Official exact-venue gallery photograph; the cats and branded cup combine animal and café context in the strongest lead. Centered wide crop keeps both cats and cup readable.,1599,2000,576311
meowtropolis-02.jpg,downloaded,selected,"https://static.wixstatic.com/media/9778b8_4bebff51e4024a33a1c3c4b5f2b5201d~mv2.jpg/v1/fit/w_2000,h_2000,q_90/9778b8_4bebff51e4024a33a1c3c4b5f2b5201d~mv2.jpg",https://www.meowtropoliscatcafe.online/,https://www.meowtropoliscatcafe.online/,Meowtropolis Cat Café,"Fur, feathers and scales",2,carousel · official,branded interior with logo and café swing,Official exact-venue gallery photograph; establishes the distinctive JLT interior rather than repeating a cat portrait. Logo and swing remain legible in a centered wide crop.,1330,2000,445746
meowtropolis-03.jpg,downloaded,selected,"https://static.wixstatic.com/media/9778b8_56bf1ab18fe54dd7b1fd8902d1843b97~mv2.jpg/v1/fit/w_2000,h_2000,q_90/9778b8_56bf1ab18fe54dd7b1fd8902d1843b97~mv2.jpg",https://www.meowtropoliscatcafe.online/,https://www.meowtropoliscatcafe.online/,Meowtropolis Cat Café,"Fur, feathers and scales",3,carousel · official,espresso service with a branded cup,Official exact-venue gallery photograph; close coffee-service detail gives the sequence a materially different café beat. Centered wide crop preserves the espresso pour and cup.,1599,2000,658427
meowtropolis-04.jpg,downloaded,selected,"https://static.wixstatic.com/media/9778b8_836ff62f7bb8424c95e732620ccc9e53~mv2.jpg/v1/fit/w_2000,h_2000,q_90/9778b8_836ff62f7bb8424c95e732620ccc9e53~mv2.jpg",https://www.meowtropoliscatcafe.online/,https://www.meowtropoliscatcafe.online/,Meowtropolis Cat Café,"Fur, feathers and scales",4,carousel · official,two cats sharing a wooden wall pod,Official exact-venue gallery photograph; the paired resident portrait closes the story with the venue's climbing architecture visible. Both cats survive a centered wide crop.,1330,1999,379052
butterflygarden-01.jpg,downloaded,selected,https://www.dubaimiraclegarden.com/dmg/package-butterfly.jpg,https://www.dubaimiraclegarden.com/butterfly-garden,https://www.dubaimiraclegarden.com/butterfly-garden,Dubai Butterfly Garden,"Fur, feathers and scales",1,hero · official,a butterfly with visitors inside the planted dome,"Official current activity-page photograph; the foreground butterfly, arched dome and visitors establish both the animal and the walk-through setting in one crop-safe frame.",1200,800,281116
butterflygarden-02.jpg,downloaded,selected,https://upload.wikimedia.org/wikipedia/commons/thumb/3/30/Dubai_Butterfly_Garden.jpg/3840px-Dubai_Butterfly_Garden.jpg?utm_source=commons.wikimedia.org&utm_campaign=index&utm_content=thumbnail,https://commons.wikimedia.org/wiki/File:Dubai_Butterfly_Garden.jpg,https://www.dubaimiraclegarden.com/butterfly-garden,Dubai Butterfly Garden,"Fur, feathers and scales",2,carousel · exact site,the exterior and physical domes,"Exact-venue Wikimedia Commons photograph by Ginevrajocosa88, CC BY-SA 4.0; the entrance, planted foreground, visitor and geodesic domes add truthful place context instead of a second macro. The 3840 px rendition was resized locally to a 2000 px long edge.",2000,1329,1099798
butterflygarden-03.jpg,downloaded,selected,https://www.dubaimiraclegarden.com/dmg/butterfly/butterfly-4.jpg,https://www.dubaimiraclegarden.com/butterfly-garden,https://www.dubaimiraclegarden.com/butterfly-garden,Dubai Butterfly Garden,"Fur, feathers and scales",3,carousel · official,a vivid butterfly feeding among flowers,Exact official gallery photograph; the strongest clean wing-and-flower macro supplies colour after two venue-establishing frames without repeating the same species or composition.,1281,1005,243993
butterflygarden-04.jpg,downloaded,selected,https://www.dubaimiraclegarden.com/dmg/butterfly/educational-9.jpg,https://www.dubaimiraclegarden.com/butterfly-garden,https://www.dubaimiraclegarden.com/butterfly-garden,Dubai Butterfly Garden,"Fur, feathers and scales",4,carousel · official,a chrysalis from the life-cycle display,Exact official educational-gallery photograph; a sharply detailed chrysalis closes the set with life-cycle substance rather than a fourth interchangeable adult-butterfly portrait.,1920,1080,203852
robertos-01.jpg,downloaded,selected,https://cdn.prod.website-files.com/68b1adb67aae8a1c4f33bfa5/68fe44ff68e43bb56d12e877_dubai%203.jpg,https://robertosrestaurants.com/dubai/home,https://robertosrestaurants.com/dubai/home,Roberto's,Long dinners,1,hero · official,the current DIFC dining room,Official current Dubai site photograph; the wide formal dining room is the strongest establishing frame and remains useful under centered card and sheet crops.,1416,902,464056
robertos-02.jpg,downloaded,selected,https://cdn.prod.website-files.com/68b1adb67aae8a1c4f33bfa5/692008add487da2796ad4ce6_Home%20Gallery%20Image%20-%20Drink%20-%201.jpg,https://robertosrestaurants.com/dubai/home,https://robertosrestaurants.com/dubai/home,Roberto's,Long dinners,2,carousel · official,a signature cocktail close-up,Official current Dubai gallery photograph; the isolated cocktail adds a materially different bar-focused frame after the room overview.,1416,902,129527
robertos-03.jpg,downloaded,selected,https://cdn.prod.website-files.com/68b1adb67aae8a1c4f33bfa5/692003dbd83a7bfc50b4cc4e_Home%20Gallery%20Image%20-%20Food%20-1.jpg,https://robertosrestaurants.com/dubai/home,https://robertosrestaurants.com/dubai/home,Roberto's,Long dinners,3,carousel · official,a plated seafood course,Official current Dubai gallery photograph; a bright plated course gives the sheet a food-specific beat distinct from the interior and cocktail.,1416,902,358071
robertos-04.jpg,downloaded,selected,https://cdn.prod.website-files.com/68b1adb67aae8a1c4f33bfa5/68fe55c8edefe9b3e50f26d5_dubai%202.jpg,https://robertosrestaurants.com/dubai/home,https://robertosrestaurants.com/dubai/home,Roberto's,Long dinners,4,carousel · official,the restaurant's interior passage and display,Official current Dubai site photograph; the geometric passage and food display add architectural context without repeating the main dining room.,1416,902,478492
salmonguru-01.jpg,downloaded,selected,https://luxhabitat.ae/resizedimages/1440w/article/982/source/a882c9560134c264c058073275f2409a.jpg,https://www.luxhabitat.ae/the-journal/the-space-salmon-guru/,https://salmon-guru.ae/,Salmon Guru,Genuinely strange,1,hero · supplied by venue,the neon central bar,Exact-venue editorial photograph explicitly credited by Luxhabitat as courtesy Salmon Guru; the wide neon bar is the clearest establishing frame.,1280,852,397897
salmonguru-02.jpg,downloaded,selected,https://luxhabitat.ae/resizedimages/900w/article/982/source/6fcc1f128861af5d223ea8b97709cd5a.jpg,https://www.luxhabitat.ae/the-journal/the-space-salmon-guru/,https://salmon-guru.ae/,Salmon Guru,Genuinely strange,2,carousel · supplied by venue,the red-lantern neon seating room,Exact-venue editorial photograph explicitly credited by Luxhabitat as courtesy Salmon Guru; the vertical Asian-inspired nook establishes a second distinct room.,852,1280,327601
salmonguru-03.jpg,downloaded,selected,https://salmon-guru.ae/media/images/gallery/venue-interior-1.webp,https://salmon-guru.ae/,https://salmon-guru.ae/,Salmon Guru,Genuinely strange,3,carousel · official,a bartender working behind the central bar,Official current venue photograph converted from WebP to JPEG and resized to a 2000 px long edge; the human-action frame differentiates the set from empty interiors.,1600,2000,837252
salmonguru-04.jpg,downloaded,selected,https://salmon-guru.ae/media/images/hero/hero-poster.webp,https://salmon-guru.ae/,https://salmon-guru.ae/,Salmon Guru,Genuinely strange,4,carousel · official,the quieter tropical dining room,Official current hero poster converted from WebP to JPEG; the warm butterfly-wall seating area establishes the venue's third contrasting room.,1920,1080,336452
brunchandcake-01.jpg,downloaded,selected,https://brunchandcake.com/wp-content/uploads/2025/07/Jumeirah-Islands-4.jpg,https://brunchandcake.com/jumeirah-islands/,https://brunchandcake.com/jumeirah-islands/,Brunch & Cake,Long dinners,1,hero · official,the branded Jumeirah Islands exterior,Official exact-branch gallery photograph; the wide daylight exterior makes the Jumeirah Islands location unmistakable and remains legible under centered card crops.,900,600,122935
brunchandcake-02.jpg,downloaded,selected,https://brunchandcake.com/wp-content/uploads/2025/07/5T8A9676.jpg,https://brunchandcake.com/jumeirah-islands/,https://brunchandcake.com/jumeirah-islands/,Brunch & Cake,Long dinners,2,carousel · official,the plant-filled dining room with service counter,Official exact-branch gallery photograph; a cook at the counter adds activity while the frame establishes the pale indoor-outdoor dining room.,900,600,111831
brunchandcake-03.jpg,downloaded,selected,https://brunchandcake.com/wp-content/uploads/2025/07/5T8A7981.jpg,https://brunchandcake.com/jumeirah-islands/,https://brunchandcake.com/jumeirah-islands/,Brunch & Cake,Long dinners,3,carousel · official,the branded coffee and bakery counter,Official exact-branch gallery photograph; the branded espresso machine and pastry counter distinguish the in-house bakery and café service from the room views.,900,600,137264
brunchandcake-04.jpg,downloaded,selected,https://brunchandcake.com/wp-content/uploads/2025/07/Jumeirah-Islands.jpg,https://brunchandcake.com/jumeirah-islands/,https://brunchandcake.com/jumeirah-islands/,Brunch & Cake,Long dinners,4,carousel · official,the dining room facing the lake,Official exact-branch gallery photograph; the wide table-and-lake view closes the set with the Jumeirah Islands setting that differentiates this branch.,900,600,105571
brassmonkey-01.jpg,added,selected,https://cdn.prod.website-files.com/678f9e7649afb5b37be84988/6903034b42c7a3d3de3732aa_7.webp,https://www.citywalk.ae/en/outlets/brass-monkey,https://www.citywalk.ae/en/outlets/brass-monkey,Brass Monkey · City Walk,Nights that go loud,1,hero · official,the retro arcade floor,"Official City Walk venue gallery; the wide cabinet-and-racing-game view makes the arcade immediately legible and remains strong under centered card, sheet, and portrait crops. Converted from WebP to JPEG.",1024,768,194070
brassmonkey-02.jpg,added,selected,https://cdn.prod.website-files.com/678f9e7649afb5b37be84988/6903034b62975d7b8b8c535b_8.webp,https://www.citywalk.ae/en/outlets/brass-monkey,https://www.citywalk.ae/en/outlets/brass-monkey,Brass Monkey · City Walk,Nights that go loud,2,carousel · official,the twelve neon bowling lanes,"Official City Walk venue gallery; the elevated full-lane composition establishes the bowling scale without repeating the arcade lead and stays recognizable in centered crops. Converted from WebP to JPEG.",1024,768,219291
brassmonkey-03.jpg,added,selected,https://cdn.prod.website-files.com/678f9e7649afb5b37be84988/6903034ba44b4b8de3c8e0f8_3.webp,https://www.citywalk.ae/en/outlets/brass-monkey,https://www.citywalk.ae/en/outlets/brass-monkey,Brass Monkey · City Walk,Nights that go loud,3,carousel · official,the licensed central bar,"Official City Walk venue gallery; the bright bar and mirrored globes show the adult drinks context that distinguishes Brass Monkey from a family arcade. Converted from WebP to JPEG.",800,600,150240
brassmonkey-04.jpg,added,selected,https://cdn.prod.website-files.com/678f9e7649afb5b37be84988/6903034b4217d21446e431bd_4.webp,https://www.citywalk.ae/en/outlets/brass-monkey,https://www.citywalk.ae/en/outlets/brass-monkey,Brass Monkey · City Walk,Nights that go loud,4,carousel · official,the billiards room with arcade beyond,"Official City Walk venue gallery; the long row of pool tables adds a quieter competitive beat while the arcade remains visible beyond. Converted from WebP to JPEG.",1024,768,202369
triple777-01.jpg,added,selected,https://static.wixstatic.com/media/086f10_22008116c28b4f74819cb1712a4e7124~mv2.jpg,https://www.triple777dubai.ae/gallery,https://www.triple777dubai.ae/,Triple 777 · Business Bay,Nights that go loud,1,hero · official,adult guests on the bowling lane,"Official Triple 777 gallery; the energetic group frame establishes an adult social night and keeps the guests, balls, and branded neon visible under centered crops. Resized and re-encoded for web display.",1440,960,470246
triple777-02.jpg,added,selected,https://static.wixstatic.com/media/086f10_4fd0dbfdbe8b4b4eab3989a7fc9b4207~mv2.jpg,https://www.triple777dubai.ae/gallery,https://www.triple777dubai.ae/,Triple 777 · Business Bay,Nights that go loud,2,carousel · official,the full branded bowling lanes,"Official Triple 777 gallery; the wide empty-lane view shows the venue's scale and distinctive 777/Joker artwork without duplicating the people-led opening. Resized to a 2000 px long edge.",2000,1334,736759
triple777-03.jpg,added,selected,https://static.wixstatic.com/media/086f10_60b92db941664bffb150ccbb91ff4166~mv2.jpeg,https://www.triple777dubai.ae/gallery,https://www.triple777dubai.ae/,Triple 777 · Business Bay,Nights that go loud,3,carousel · official,air hockey and the arcade floor,"Official Triple 777 gallery; the air-hockey table, Pac-Man mural, and cabinets provide the clearest arcade-specific frame and a materially different game beat. Re-encoded for web display.",1440,1080,251046
triple777-04.jpg,added,selected,https://static.wixstatic.com/media/086f10_6079cf1fdb054c8aa35e9fc226557d91~mv2.png,https://www.triple777dubai.ae/gallery,https://www.triple777dubai.ae/,Triple 777 · Business Bay,Nights that go loud,4,carousel · official,the garden lounge and dining tables,"Official Triple 777 gallery; the planted lounge supplies the food-and-drinks side of the night and closes the gallery away from another near-duplicate game floor. Converted from PNG to JPEG.",1348,890,557648
amazonico-01.jpg,added,selected,https://www.amazonicorestaurant.com/wp-content/uploads/2024/08/3a-Carousel.jpg,https://www.amazonicorestaurant.com/dubai/,https://www.amazonicorestaurant.com/dubai/,Amazónico Dubai,Long dinners,1,hero · official,the lush main dining room,"Official Amazónico Dubai photograph; the wide dining-room frame leads with the rainforest ceiling, sculptural lamps, and open room that define the venue. Resized and re-encoded for web display.",2000,1312,867498
amazonico-02.jpg,added,selected,https://www.amazonicorestaurant.com/wp-content/uploads/2024/08/4-Menus.jpg,https://www.amazonicorestaurant.com/dubai/,https://www.amazonicorestaurant.com/dubai/,Amazónico Dubai,Long dinners,2,carousel · official,the fire-grilled food presentation,"Official Amazónico menu photograph; the fire-grilled meat and vegetable sides give the food equal weight after the design-led opening. Resized and re-encoded for web display.",2000,1428,836460
amazonico-03.jpg,added,selected,https://www.amazonicorestaurant.com/wp-content/uploads/2024/08/3c-Carousel.jpg,https://www.amazonicorestaurant.com/dubai/,https://www.amazonicorestaurant.com/dubai/,Amazónico Dubai,Long dinners,3,carousel · official,the Paraíso rooftop against DIFC,"Official Amazónico Dubai photograph; the blue-hour Paraíso rooftop and DIFC skyline supply a materially different outdoor beat. Resized and re-encoded for web display.",2000,1333,625821
amazonico-04.jpg,added,selected,https://www.amazonicorestaurant.com/wp-content/uploads/2025/06/1.jpg,https://www.amazonicorestaurant.com/dubai/,https://www.amazonicorestaurant.com/dubai/,Amazónico Dubai,Long dinners,4,carousel · official,a shared table in progress,"Official Amazónico Dubai photograph; hands reaching across a full table close the gallery on the communal dinner experience rather than another empty interior. Resized and re-encoded for web display.",1528,2000,669580
tingirie-01.jpg,added,selected,https://tingirie.com/wp-content/uploads/2024/07/DSC02633-Enhanced-NR-1.jpg,https://tingirie.com/,https://tingirie.com/,Ting Irie,Long dinners,1,hero · official,the busy Downtown terrace,"Official Ting Irie photograph; the wide, guest-filled bamboo terrace establishes the Downtown venue and its lively dinner energy. Resized and re-encoded for web display.",2000,1333,945843
tingirie-02.jpg,added,selected,https://tingirie.com/wp-content/uploads/2024/07/Oxtail-Cocobread-Sandwiches-1-scaled.jpg,https://tingirie.com/,https://tingirie.com/,Ting Irie,Long dinners,2,carousel · official,the oxtail coco-bread plate,"Official Ting Irie food photograph; the branded oxtail coco-bread plate makes the Jamaican cooking legible after the venue-led opening. Resized and re-encoded for web display.",2000,1333,378683
tingirie-03.jpg,added,selected,https://tingirie.com/wp-content/uploads/2024/07/DSC00753-Enhanced-NR.jpg,https://tingirie.com/,https://tingirie.com/,Ting Irie,Long dinners,3,carousel · official,the packed mural dining room,"Official Ting Irie photograph; the busy mural room shows the communal dinner atmosphere without duplicating the outdoor terrace. Resized and re-encoded for web display.",2000,1333,649057
tingirie-04.jpg,added,selected,https://tingirie.com/wp-content/uploads/2024/07/TINGIRIE_27072024_A-708-Enhanced-NR-207-scaled.jpg,https://tingirie.com/,https://tingirie.com/,Ting Irie,Long dinners,4,carousel · official,the live-music crowd,"Official Ting Irie photograph; the live band and raised-hands crowd close the gallery on the venue's reggae-and-dancehall nightlife. Resized and re-encoded for web display.",2000,1333,510966
bludubai-01.jpg,added,selected,https://bludubai.ae/wp-content/uploads/2025/05/Menu-Hover-BG-1.jpg,https://bludubai.ae/gallery,https://bludubai.ae/,BLU Dubai,Nights that go loud,1,hero · official,the full room and central bar,"Official BLU Dubai gallery photograph; the elevated wide view establishes the multi-level room, central bar, compact dance area, and packed crowd in one frame. Re-encoded for web display.",1200,800,167035
bludubai-02.jpg,added,selected,https://bludubai.ae/wp-content/uploads/2025/05/Menu-Hover-BG-4.jpg,https://bludubai.ae/gallery,https://bludubai.ae/,BLU Dubai,Nights that go loud,2,carousel · official,bottle service moving through the crowd,"Official BLU Dubai gallery photograph; sparklers and bottle service show the table-driven energy and crowd density without repeating the opening overview. Re-encoded for web display.",1200,800,107439
bludubai-03.jpg,added,selected,https://bludubai.ae/wp-content/uploads/2025/05/Menu-Hover-BG-3.jpg,https://bludubai.ae/gallery,https://bludubai.ae/,BLU Dubai,Nights that go loud,3,carousel · official,a live performance in the room,"Official BLU Dubai gallery photograph; a live performer, lighting rig, and guests around the central stage capture the venue's show-night production. Re-encoded for web display.",1200,800,155330
bludubai-04.jpg,added,selected,https://bludubai.ae/wp-content/uploads/2025/05/406032797_802557115214223_6663084823528125455_n-1-1.jpg,https://bludubai.ae/gallery,https://bludubai.ae/,BLU Dubai,Nights that go loud,4,carousel · official,the packed crowd around a headline performance,"Official BLU Dubai gallery photograph; the wide guest-level performance frame closes on the phone-lit crowd and bar-ring layout. Resized to a 2000 px long edge and re-encoded for web display.",2000,1333,494427
amritsr-01.jpg,added,selected,https://amritsruae.com/wp-content/uploads/2024/04/paratha.jpg,https://amritsruae.com/breakfast-menu/,https://amritsr.com/,Amritsr · Al Karama,Long dinners,1,hero · official,a richly lit Punjabi bread spread,"Official Amritsr UAE breakfast-menu photograph; the warm paratha spread leads with the food that makes the cross-market comparison worth trying. The site does not identify a specific branch for this menu image. Resized to a 2000 px long edge and re-encoded for web display.",2000,1333,483091
amritsr-02.jpg,added,selected,https://amritsr.com/wp-content/uploads/2024/10/Amritsr-old-karama-3.jpeg,https://amritsr.com/gallery-2/,https://amritsr.com/contact-us/,Amritsr · Al Karama,Long dinners,2,carousel · exact venue,the blue-booth Karama dining room,"Official exact-branch gallery photograph; the wide view establishes Al Karama through its blue booths, rustic walls, Punjabi instruments, and open dining room. Re-encoded for web display without upscaling.",1600,1200,204959
amritsr-03.jpg,added,selected,https://amritsr.com/wp-content/uploads/2024/10/Amritsr-old-karama-1.jpeg,https://amritsr.com/gallery-2/,https://amritsr.com/contact-us/,Amritsr · Al Karama,Long dinners,3,carousel · exact venue,the mural-lined Karama dining room,"Official exact-branch gallery photograph; the alternate dining-room angle adds the colorful Punjabi mural and table setting without repeating the blue-booth composition. Re-encoded for web display without upscaling.",1600,1200,243169
amritsr-04.jpg,added,selected,https://amritsruae.com/wp-content/uploads/2024/04/1.-Gulab-Jamun-scaled.jpg,https://amritsruae.com/breakfast-menu/,https://amritsr.com/,Amritsr · Al Karama,Long dinners,4,carousel · official,the gulab jamun finish,"Official Amritsr UAE menu photograph; the close-up gulab jamun closes the sheet with a distinct dessert frame. The site does not identify a specific branch for this menu image. Resized to a 2000 px long edge and re-encoded for web display.",2000,1329,464052
nammos-01.jpg,added,selected,https://www.fourseasons.com/content/dam/fourseasons/images/web/DJB/DJB_2779_original.jpg,https://www.fourseasons.com/dubaijb/dining/restaurants/nammos.html/,https://www.nammos.com/dubai/contact,Nammos Dubai,Long dinners,1,hero · official,the beach-facing restaurant terrace,"Current official Four Seasons venue photograph; the dining tables, palm-framed terrace, striped beach, and Gulf view establish Nammos as both restaurant and shoreline destination. Resized to a 2000 px long edge and re-encoded for web display.",2000,1294,979275
nammos-02.jpg,added,selected,https://www.fourseasons.com/content/dam/fourseasons/images/web/DJB/DJB_2778_original.jpg,https://www.fourseasons.com/dubaijb/dining/restaurants/nammos.html/,https://www.nammos.com/dubai/contact,Nammos Dubai,Long dinners,2,carousel · official,the aubergine millefeuille,"Current official Four Seasons venue photograph; the signature aubergine millefeuille gives the food equal weight after the beachside opening. Resized to a 2000 px long edge and re-encoded for web display.",2000,1600,691497
nammos-03.jpg,added,selected,https://www.fourseasons.com/content/dam/fourseasons/images/web/DJB/DJB_2780_original.jpg,https://www.fourseasons.com/dubaijb/dining/restaurants/nammos.html/,https://www.nammos.com/dubai/contact,Nammos Dubai,Long dinners,3,carousel · official,the striped Nammos entrance,"Current official Four Seasons venue photograph; the named entrance, pergola, koi ponds, and Aegean stripes provide a clearly branded architectural beat. Resized to a 2000 px long edge and re-encoded for web display.",2000,1333,1034516
nammos-04.jpg,added,selected,https://www.fourseasons.com/content/dam/fourseasons/images/web/DJB/DJB_2776_original.jpg,https://www.fourseasons.com/dubaijb/dining/restaurants/nammos.html/,https://www.nammos.com/dubai/contact,Nammos Dubai,Long dinners,4,carousel · official,the full beach and sunbed view,"Current official Four Seasons venue photograph; the wide striped-sunbed view closes the gallery on the beach experience without duplicating the restaurant-led opening. Resized to a 2000 px long edge and re-encoded for web display.",2000,1334,740954
sirali-01.jpg,added,selected,https://media.cntraveler.com/photos/655252986d6437c01ac8d185/master/w_1600%2Cc_limit/Sirali%2520Oct%2520-%2520David%2520Allen%2520-7.jpg,https://www.cntraveler.com/story/best-middle-eastern-restaurants-dubai,https://www.siralikebap.com/,Sirali Dubai,Long dinners,1,hero · exact venue,the ornate Turkish dining room,"Exact-venue David Allen photograph published courtesy of Sirali; the wide empty room establishes the foliage ceiling, globe lights, striped floor, and ceramic wall without relying on a generic Turkish visual. Re-encoded for web display.",1600,900,650363
sirali-02.jpg,added,selected,https://menuluxstorage.blob.core.windows.net/products/11062022065121000.jpg,https://siralirestaurantdubai.qr.menulux.com/,https://www.siralikebap.com/,Sirali Dubai,Long dinners,2,carousel · official,the rolled Adana signature,"Current live-menu photograph of Sirali's rolled Adana; the close overhead plate makes the signature recommendation legible after the room-led opening. Resized to a 2000 px long edge and re-encoded for web display.",2000,2000,1000188
sirali-03.jpg,added,selected,https://venuewise.com/upload/venue/gallery/opt/2026/03/18/caption_1_69ba65208359a.webp,https://venuewise.com/venue/sirali-restaurant,https://www.siralikebap.com/,Sirali Dubai,Long dinners,3,carousel · exact venue,the dining room in service,"Current exact-venue listing photograph; guests and staff turn the ornate room into a lived-in dinner scene and provide a candid counterpoint to the empty hero. Converted from WebP to JPEG.",1400,1050,724486
sirali-04.jpg,added,selected,https://whatson.ae/wp-content/uploads/2024/10/sirali-food.jpg,https://whatson.ae/2024/10/fall-in-love-with-sirali-this-season/,https://www.siralikebap.com/,Sirali Dubai,Long dinners,4,carousel · venue supplied,a Turkish feast shared across the table,"Venue-supplied Sirali photograph published by What's On; hands, ornate plates, kebaps, and drinks close the gallery on the communal meal rather than another interior. Re-encoded for web display.",800,533,337414
kartdrome-01.jpg,added,selected,https://dubaiautodrome.ae/wp-content/uploads/2023/03/Arrive-n-Drive-Banner.jpg,https://dubaiautodrome.ae/kartdrome-main/arrive-drive-2/,https://dubaiautodrome.ae/kartdrome-main/arrive-drive-2/,Dubai Kartdrome Outdoor,Adrenaline,1,hero · official,the start-finish straight from a driver's view,"Current official Arrive & Drive photograph; three rental karts and the named gantry establish the real outdoor circuit immediately. Re-encoded for web display.",2000,1058,187552
kartdrome-02.jpg,added,selected,https://cdn.projectexpedition.com/photos/357592touractivity462778b9e65f4c61b30e6b3d61c279c3_sized.jpg,https://www.projectexpedition.com/tour-activity/dubai/go-kart-experience-outdoor-kartdrome-in-dubai/92544/,https://dubaiautodrome.ae/kartdrome-main/arrive-drive-2/,Dubai Kartdrome Outdoor,Adrenaline,2,carousel · exact venue,the karts beneath the circuit bridge,"Exact-venue listing photograph; the group of drivers and branded bridge make the circuit's unusual elevation change legible after the track-level opening. Re-encoded for web display.",1000,665,258737
kartdrome-03.jpg,added,selected,https://dubaiautodrome.ae/wp-content/uploads/2023/03/Rookie.jpg,https://dubaiautodrome.ae/kartdrome-main/racing/,https://dubaiautodrome.ae/kartdrome-main/arrive-drive-2/,Dubai Kartdrome Outdoor,Adrenaline,3,carousel · official,the floodlit racing line at night,"Official Kartdrome racing photograph; the close line of karts shows the floodlit circuit in use and gives the gallery its night-racing beat. Re-encoded for web display without upscaling.",800,500,152945
kartdrome-04.jpg,added,selected,https://www.citysearch.ae/uf/companies/37722/kartdrome.jpg,https://www.citysearch.ae/kartdrome-dubai,https://dubaiautodrome.ae/kartdrome-main/arrive-drive-2/,Dubai Kartdrome Outdoor,Adrenaline,4,carousel · exact venue,the wide floodlit start-finish complex,"Exact-venue listing photograph; the elevated wide view closes on the circuit scale, pit lane, and night lighting instead of repeating another close kart shot. Re-encoded for web display.",1216,684,302036
nogrip-01.jpg,added,selected,https://applications-media.feverup.com/image/upload/f_auto%2Cw_1200%2Ch_800/fever2/plan/photo/9b97449c-4e05-11f1-8d76-4622ddb2c890.png,https://feverup.com/m/598014,https://nogripdxb.ae/,No Grip DXB,Adrenaline,1,hero · exact venue,two drift karts sliding through the neon track,"Current exact-venue ticketing photograph; two identifiable No Grip karts in motion establish the sideways driving format without relying on a promotional render. Re-encoded for web display.",1200,800,161067
nogrip-02.jpg,added,selected,https://nogripdxb.ae/_astro/Two-Level-Track_y5ijfg_Z16szPt.webp,https://nogripdxb.ae/,https://nogripdxb.ae/,No Grip DXB,Adrenaline,2,carousel · official,the complete two-level track,"Current official venue photograph; the empty wide view explains the upper and lower track geometry that distinguishes No Grip from conventional karting. Converted from WebP to JPEG.",900,600,186769
nogrip-03.jpg,added,selected,https://nogripdxb.ae/_astro/LP-Sliders_2_hjmubh_Z1hQl7V.webp,https://nogripdxb.ae/,https://nogripdxb.ae/,No Grip DXB,Adrenaline,3,carousel · official,the pre-drive control briefing,"Current official venue photograph; the instructor and helmeted driver show the technique-led preparation behind the drift session. Converted from WebP to JPEG.",900,460,105043
nogrip-04.jpg,added,selected,https://nogripdxb.ae/_astro/LP-Sliders_ygkf9d_Z1HeRV5.webp,https://nogripdxb.ae/,https://nogripdxb.ae/,No Grip DXB,Adrenaline,4,carousel · official,the racing simulator zone,"Current official venue photograph; the simulator closes the gallery on the supporting game-to-reality experience without repeating the physical track. Converted from WebP to JPEG.",900,460,93777
jokehub-01.jpg,added,selected,https://static.wixstatic.com/media/4e96a3_2a30c2c17ba04dd19b5625c53a2051df~mv2.jpg,https://www.madcatcomedy.com/events/september-19th-saturday-joke-hub-canopy-by-hilton-al-seef,https://www.madcatcomedy.com/shows,Joke Hub by Mad Cat Comedy,Genuinely strange,1,hero · official,the compact Joke Hub room in performance,"Current official recurring-show artwork; the actual low-ceiling room, comic, and close audience establish the purpose-built club format beneath the branding. Re-encoded for web display.",1920,1080,276574
jokehub-02.jpg,added,selected,https://static.wixstatic.com/media/4e96a3_243c33329d134171b09d75e8867eea76~mv2.jpg,https://www.madcatcomedy.com/,https://www.madcatcomedy.com/shows,Joke Hub by Mad Cat Comedy,Genuinely strange,2,carousel · official,the rotating local line-up,"Official Joke Hub line-up artwork; seven performers make the rotating local-bill format legible after the room-led opening. It represents the recurring show rather than the current Saturday's exact cast. Re-encoded for web display.",1920,1080,547887
speakeasy-01.jpg,added,selected,https://cdn.prod.website-files.com/690079022186d38a4a9f69dd/6911dbb30fef61c268d44445_2H9A8785-2-p-1600.jpg,https://sanarestaurants.com/sana-moon-bar,https://www.madcatcomedy.com/events/september-20th-sunday-comedy-at-the-speakeasy-moon-bar-by-sana,Comedy at the Speakeasy,Genuinely strange,1,hero · official,the intimate red-lit Moon Bar,"Current official exact-venue photograph; the lantern tables, low seating, sound system, and red wall establish why this selected-Sunday show feels like comedy inside a real speakeasy. Resized to a 2000 px long edge and re-encoded for web display.",1333,2000,656016
speakeasy-02.jpg,added,selected,https://static.wixstatic.com/media/4e96a3_78043f0454c9441180aca60e98d29a76~mv2.jpg,https://www.madcatcomedy.com/events/september-20th-sunday-comedy-at-the-speakeasy-moon-bar-by-sana,https://www.madcatcomedy.com/shows,Comedy at the Speakeasy,Genuinely strange,2,carousel · official,the recurring Speakeasy show identity,"Current official Mad Cat artwork; the blue curtain, vintage microphone, alternate-Sunday cadence, venue, price, and drink inclusion give the exact event context after the room photograph. Re-encoded for web display.",1920,1080,376047
laughterfactory-01.jpg,added,selected,https://thelaughterfactory.com/wp-content/uploads/2026/08/Upcoming-Events-Sales.jpg,https://thelaughterfactory.com/the-laughter-factory-30-years-of-bringing-people-together-through-laughter/,https://thelaughterfactory.com/the-laughter-factory-30-years-of-bringing-people-together-through-laughter/,The Laughter Factory,Genuinely strange,1,hero · official,the September touring bill,"Current official September 2026 artwork; all four named comedians and the bounded 4–12 September run make the live touring bill immediately actionable. Re-encoded for web display.",1080,1080,244836
laughterfactory-02.jpg,added,selected,https://thelaughterfactory.com/wp-content/uploads/2026/08/Web-Post-606x706px.jpg,https://thelaughterfactory.com/the-laughter-factory-30-years-of-bringing-people-together-through-laughter/,https://thelaughterfactory.com/the-laughter-factory-30-years-of-bringing-people-together-through-laughter/,The Laughter Factory,Genuinely strange,2,carousel · official,the exact September venue schedule,"Current official September 2026 schedule artwork; it records every stop and time behind the compact planning facts. Enlarged from 606 × 706 to a 900 px long edge and re-encoded for legible web display.",772,900,246837
karakafterdark-01.jpg,added,selected,https://cdn.district.in/assets/events/publisher/event_cover_image_horizontal/01KZEQD692ASKD9BZ0FDX5Q877.png,https://www.district.ae/events/karak-after-dark-vol-3-back-to-school-edition-buy-tickets,https://www.thejunctiondubai.com/,Karak After Dark Vol. 3,Genuinely strange,1,hero · official,the current seven-comic event bill,"Current official District event artwork supplied by Tall Tales Production and The Junction; the exact volume number, seven performers, and improvisational-comedy identity make the bounded event immediately recognizable. Converted from PNG to JPEG for web display.",1600,900,555287
karakafterdark-02.jpg,added,selected,https://cms.alserkal.online/assets/community/TheJunction5.jpg,https://alserkal.online/community/the-junction/,https://www.thejunctiondubai.com/,Karak After Dark Vol. 3,Genuinely strange,2,carousel · exact venue,the audience inside The Junction,"Official Alserkal Avenue community photograph; the full tiered audience and red acoustic walls establish The Junction's intimate black-box scale after the event-led opening. Re-encoded for web display.",1600,1067,499161
lockstockbarrel-01.jpg,added,selected,https://cache.marriott.com/is/image/marriotts7prod/br-dxbrb-lock-stock-and-barre34485-30197%3APano-Hor?wid=2000&fit=constrain,https://www.marriott.com/en-us/dining/restaurant-bar/dxbrb-renaissance-business-bay-hotel-dubai/7172498-lock-stock-barrel.mi,https://www.marriott.com/en-us/dining/restaurant-bar/dxbrb-renaissance-business-bay-hotel-dubai/7172498-lock-stock-barrel.mi,"Lock, Stock & Barrel · Business Bay",Nights that go loud,1,hero · official,the Business Bay stage and seating,"Current official Renaissance Business Bay Hotel photograph; the panoramic stage, speaker wall, colorful booths, and tables establish the exact visited room. Re-encoded for web display without resizing.",2000,665,466480
lockstockbarrel-02.jpg,added,selected,https://lsbdubai.com/wp-content/uploads/2025/06/AND_9799-HDR.webp,https://lockstockandbarrelglobal.com/,https://www.marriott.com/en-us/dining/restaurant-bar/dxbrb-renaissance-business-bay-hotel-dubai/7172498-lock-stock-barrel.mi,"Lock, Stock & Barrel · Business Bay",Nights that go loud,2,carousel · official,the full Business Bay lounge,"Current official LSB photograph explicitly labeled Business Bay on the operator site; the straight-on room view makes the stage and tiered communal seating legible after the panorama. Converted from WebP to JPEG and resized to a 2000 px long edge.",2000,1333,1091439
lockstockbarrel-03.jpg,added,selected,https://www.rli.uk.com/wp-content/uploads/2021/08/LSB_BB.jpg,https://www.rli.uk.com/lock-stock-barrel-business-bay-opens-today/,https://www.marriott.com/en-us/dining/restaurant-bar/dxbrb-renaissance-business-bay-hotel-dubai/7172498-lock-stock-barrel.mi,"Lock, Stock & Barrel · Business Bay",Nights that go loud,3,carousel · exact venue,the Business Bay bar from above,"Exact-branch opening photograph published by Retail & Leisure International; the elevated view shows the two-level footprint, central bar, tables, and limited open floor in one frame. Re-encoded for web display.",1500,1000,1061901
lockstockbarrel-04.jpg,added,selected,https://dynamic-media-cdn.tripadvisor.com/media/photo-o/2d/70/b1/c2/caption.jpg?h=-1&s=1&w=1400,https://www.tripadvisor.com/Restaurant_Review-g295424-d23528319-Reviews-Lock_Stock_Barrel_Business_Bay-Dubai_Emirate_of_Dubai.html,https://www.marriott.com/en-us/dining/restaurant-bar/dxbrb-renaissance-business-bay-hotel-dubai/7172498-lock-stock-barrel.mi,"Lock, Stock & Barrel · Business Bay",Nights that go loud,4,carousel · candid,the Business Bay room in service,"Exact-branch visitor photograph; guests around the high tables and the lit LSB stage close the gallery on an in-service crowd view rather than another empty interior. Re-encoded for web display.",1400,1050,359305
icon-google-maps.svg,downloaded,selected,https://upload.wikimedia.org/wikipedia/commons/a/aa/Google_Maps_icon_%282020%29.svg,https://commons.wikimedia.org/wiki/File:Google_Maps_icon_(2020).svg,https://about.google/brand-resource-center/,—,Brand marks,—,icon,Google Maps app mark,Google-authored app mark; Wikimedia Commons identifies it as a public-domain simple logo subject to trademark rules.,,,765
icon-instagram.svg,downloaded,selected,https://upload.wikimedia.org/wikipedia/commons/2/21/Instagram_Glyph_Gradient_RGB_logo.svg,https://commons.wikimedia.org/wiki/File:Instagram_Glyph_Gradient_RGB_logo.svg,https://about.meta.com/brand/resources/instagram/instagram-brand/,—,Brand marks,—,icon,Instagram glyph,Meta-authored gradient glyph; Wikimedia Commons identifies the simple-geometry asset as public domain and trademarked.,,,7416
