filename,work_title,creator_name,creator_type,creator_url,source_name,license_name,license_url,credit_basis,modifications,verified_on,notes
elrow-01.jpg,,,,,UNVRS,,,source_credit,Resized for web display and shown with responsive cropping.,2026-08-13,Creator or reusable license was not identified; credit the recorded source without implying permission.
elrow-02.jpg,,,,,UNVRS,,,source_credit,Resized for web display and shown with responsive cropping.,2026-08-13,Creator or reusable license was not identified; credit the recorded source without implying permission.
elrow-03.jpg,,,,,UNVRS,,,source_credit,Resized for web display and shown with responsive cropping.,2026-08-13,Creator or reusable license was not identified; credit the recorded source without implying permission.
elrow-04.jpg,,,,,UNVRS,,,source_credit,Resized for web display and shown with responsive cropping.,2026-08-13,Creator or reusable license was not identified; credit the recorded source without implying permission.
elrow-05.jpg,,,,,UNVRS,,,source_credit,Resized for web display and shown with responsive cropping.,2026-08-13,Creator or reusable license was not identified; credit the recorded source without implying permission.
carlcox-01.jpg,,,,,Pacha ICONS,,,source_credit,Converted to JPEG and resized for web display; shown with responsive cropping.,2026-08-13,Creator or reusable license was not identified; credit the recorded source without implying permission.
carlcox-02.jpg,,,,,Numéro Netherlands,,,source_credit,Converted to JPEG and resized for web display; shown with responsive cropping.,2026-08-13,Creator or reusable license was not identified; credit the recorded source without implying permission.
carlcox-03.jpg,,,,,Numéro Netherlands,,,source_credit,Converted to JPEG and resized for web display; shown with responsive cropping.,2026-08-13,Creator or reusable license was not identified; credit the recorded source without implying permission.
carlcox-04.jpg,,,,,Numéro Netherlands,,,source_credit,Converted to JPEG and resized for web display; shown with responsive cropping.,2026-08-13,Creator or reusable license was not identified; credit the recorded source without implying permission.
sonnyfodera-01.jpg,,,,,Pacha ICONS,,,source_credit,Converted to JPEG and resized for web display; shown with responsive cropping.,2026-08-13,Creator or reusable license was not identified; credit the recorded source without implying permission.
sonnyfodera-02.jpg,,,,,Ibiza Spotlight,,,source_credit,Resized for web display and shown with responsive cropping.,2026-08-13,Creator or reusable license was not identified; credit the recorded source without implying permission.
sonnyfodera-03.jpg,,,,,Ibiza Spotlight,,,source_credit,Resized for web display and shown with responsive cropping.,2026-08-13,Creator or reusable license was not identified; credit the recorded source without implying permission.
adamport-01.jpg,,,,,Pacha ICONS,,,source_credit,Converted to JPEG and resized for web display; shown with responsive cropping.,2026-08-13,Creator or reusable license was not identified; credit the recorded source without implying permission.
adamport-02.jpg,,,,,Pacha ICONS,,,source_credit,Converted to JPEG and resized for web display; shown with responsive cropping.,2026-08-13,Creator or reusable license was not identified; credit the recorded source without implying permission.
adamport-03.jpg,,,,,Pacha ICONS,,,source_credit,Converted to JPEG and resized for web display; shown with responsive cropping.,2026-08-13,Creator or reusable license was not identified; credit the recorded source without implying permission.
untold-01.jpg,,,,,UNTOLD Dubai,,,source_credit,Converted to JPEG and resized for web display; shown with responsive cropping.,2026-08-13,Creator or reusable license was not identified; credit the recorded source without implying permission.
untold-02.jpg,,,,,UNTOLD Dubai,,,source_credit,Converted to JPEG and resized for web display; shown with responsive cropping.,2026-08-13,Creator or reusable license was not identified; credit the recorded source without implying permission.
untold-03.jpg,,,,,UNTOLD Dubai,,,source_credit,Converted to JPEG and resized for web display; shown with responsive cropping.,2026-08-13,Creator or reusable license was not identified; credit the recorded source without implying permission.
untold-04.jpg,,,,,UNTOLD Dubai,,,source_credit,Converted to JPEG and resized for web display; shown with responsive cropping.,2026-08-13,Creator or reusable license was not identified; credit the recorded source without implying permission.
untold-05.jpg,,,,,UNTOLD Dubai,,,source_credit,Converted to JPEG and resized for web display; shown with responsive cropping.,2026-08-13,Creator or reusable license was not identified; credit the recorded source without implying permission.
atb-01.jpg,,Marian Sarau,person,,Gigxels,Gigxels Free License,https://gigxels.com/free-license,stock_license,Resized for web display and shown with responsive cropping.,2026-08-13,Photographer and license were explicitly identified on the recorded source.
atb-02.jpg,,,,,The Agenda,,,source_credit,Resized for web display and shown with responsive cropping.,2026-08-13,Creator or reusable license was not identified; credit the recorded source without implying permission.
oakenfold-01.jpg,,,,,Paul Oakenfold,,,source_credit,Resized for web display and shown with responsive cropping.,2026-08-13,Creator or reusable license was not identified; credit the recorded source without implying permission.
oakenfold-02.jpg,,,,,Markus Schulz,,,source_credit,Cropped and resized for web display.,2026-08-13,Creator or reusable license was not identified; credit the recorded source without implying permission.
oakenfold-03.jpg,,,,,The Agenda,,,source_credit,Cropped and resized for web display.,2026-08-13,Creator or reusable license was not identified; credit the recorded source without implying permission.
lostfreq-01.jpg,,,,,Bohemia Dubai,,,source_credit,Converted to JPEG and resized for web display; shown with responsive cropping.,2026-08-13,Creator or reusable license was not identified; credit the recorded source without implying permission.
lostfreq-02.jpg,,,,,Bohemia Dubai,,,source_credit,Converted to JPEG and resized for web display; shown with responsive cropping.,2026-08-13,Creator or reusable license was not identified; credit the recorded source without implying permission.
lostfreq-03.jpg,,,,,Bohemia Dubai,,,source_credit,Converted to JPEG and resized for web display; shown with responsive cropping.,2026-08-13,Creator or reusable license was not identified; credit the recorded source without implying permission.
inthepark-01.jpg,,,,,The Park,,,source_credit,Resized for web display and shown with responsive cropping.,2026-08-13,Creator or reusable license was not identified; credit the recorded source without implying permission.
inthepark-02.jpg,,,,,The Park,,,source_credit,Resized for web display and shown with responsive cropping.,2026-08-13,Creator or reusable license was not identified; credit the recorded source without implying permission.
inthepark-03.jpg,,,,,The Park,,,source_credit,Resized for web display and shown with responsive cropping.,2026-08-13,Creator or reusable license was not identified; credit the recorded source without implying permission.
stardom-01.jpg,,,,,Xclusive Yachts,,,source_credit,Converted to JPEG and resized for web display; shown with responsive cropping.,2026-08-13,Creator or reusable license was not identified; credit the recorded source without implying permission.
stardom-02.jpg,,,,,Xclusive Yachts,,,source_credit,Converted to JPEG and resized for web display; shown with responsive cropping.,2026-08-13,Creator or reusable license was not identified; credit the recorded source without implying permission.
stardom-03.jpg,,,,,Xclusive Yachts,,,source_credit,Converted to JPEG and resized for web display; shown with responsive cropping.,2026-08-13,Creator or reusable license was not identified; credit the recorded source without implying permission.
stardom-04.jpg,,,,,Xclusive Yachts,,,source_credit,Converted to JPEG and resized for web display; shown with responsive cropping.,2026-08-13,Creator or reusable license was not identified; credit the recorded source without implying permission.
sohogarden-01.jpg,,,,,Soho Garden Dubai,,,source_credit,Converted to JPEG and resized for web display; shown with responsive cropping.,2026-08-13,Creator or reusable license was not identified; credit the recorded source without implying permission.
sohogarden-02.jpg,,,,,Soho Garden Dubai,,,source_credit,Converted to JPEG and resized for web display; shown with responsive cropping.,2026-08-13,Creator or reusable license was not identified; credit the recorded source without implying permission.
sohogarden-03.jpg,,,,,Soho Garden Dubai,,,source_credit,Converted to JPEG and resized for web display; shown with responsive cropping.,2026-08-13,Creator or reusable license was not identified; credit the recorded source without implying permission.
ushuaia-01.jpg,,,,,Ushuaïa Dubai Harbour Experience,,,source_credit,Cropped and resized for web display.,2026-08-13,Creator or reusable license was not identified; credit the recorded source without implying permission.
ushuaia-02.jpg,,,,,Ushuaïa Dubai Harbour Experience,,,source_credit,Resized for web display and shown with responsive cropping.,2026-08-13,Creator or reusable license was not identified; credit the recorded source without implying permission.
ushuaia-03.jpg,,,,,Ushuaïa Dubai Harbour Experience,,,source_credit,Resized for web display and shown with responsive cropping.,2026-08-13,Creator or reusable license was not identified; credit the recorded source without implying permission.
honeycomb-01.jpg,,Honeycomb Hi-Fi,organization,,The National,,,creator_credit,Resized for web display and shown with responsive cropping.,2026-08-13,The National identifies the venue as the image supplier.
honeycomb-02.jpg,,Honeycomb Hi-Fi,organization,,The National,,,creator_credit,Resized for web display and shown with responsive cropping.,2026-08-13,The National identifies the venue as the image supplier.
honeycomb-03.jpg,,,,,The National,,,source_credit,Resized for web display and shown with responsive cropping.,2026-08-13,Creator or reusable license was not identified; credit the recorded source without implying permission.
honeycomb-04.jpg,,,,,The National,,,source_credit,Cropped and resized for web display.,2026-08-13,Creator or reusable license was not identified; credit the recorded source without implying permission.
rooftops-01.jpg,,,,,The Penthouse Dubai,,,source_credit,Converted to JPEG and resized for web display; shown with responsive cropping.,2026-08-13,Creator or reusable license was not identified; credit the recorded source without implying permission.
rooftops-02.jpg,,,,,Ramee Hotels,,,source_credit,Converted to JPEG and resized for web display; shown with responsive cropping.,2026-08-13,Creator or reusable license was not identified; credit the recorded source without implying permission.
rooftops-03.jpg,,,,,The Penthouse Dubai,,,source_credit,Resized for web display and shown with responsive cropping.,2026-08-13,Creator or reusable license was not identified; credit the recorded source without implying permission.
pawnshop-01.jpg,,Electric Pawn Shop,organization,,The National,,,creator_credit,Resized for web display and shown with responsive cropping.,2026-08-13,The National identifies the venue as the image supplier.
pawnshop-02.jpg,,Electric Pawn Shop,organization,,The National,,,creator_credit,Resized for web display and shown with responsive cropping.,2026-08-13,The National identifies the venue as the image supplier.
pawnshop-03.jpg,,,,,Caterer Middle East,,,source_credit,Cropped and resized for web display.,2026-08-13,Creator or reusable license was not identified; credit the recorded source without implying permission.
laperle-01.jpg,,,,,La Perle,,,source_credit,Resized for web display and shown with responsive cropping.,2026-08-13,Creator or reusable license was not identified; credit the recorded source without implying permission.
laperle-02.jpg,,,,,Al Habtoor City,,,source_credit,Resized for web display and shown with responsive cropping.,2026-08-13,Creator or reusable license was not identified; credit the recorded source without implying permission.
laperle-03.jpg,,,,,La Perle,,,source_credit,Converted to JPEG and resized for web display; shown with responsive cropping.,2026-08-13,Creator or reusable license was not identified; credit the recorded source without implying permission.
laperle-04.jpg,,,,,La Perle,,,source_credit,Converted to JPEG and resized for web display; shown with responsive cropping.,2026-08-13,Creator or reusable license was not identified; credit the recorded source without implying permission.
laperle-05.jpg,,,,,Sotheby's International Realty UAE,,,source_credit,Resized for web display and shown with responsive cropping.,2026-08-13,Creator or reusable license was not identified; credit the recorded source without implying permission.
teamlab-01.jpg,,,,,teamLab Phenomena Abu Dhabi,,,source_credit,Resized for web display and shown with responsive cropping.,2026-08-13,Creator or reusable license was not identified; credit the recorded source without implying permission.
teamlab-02.jpg,,,,,teamLab Phenomena Abu Dhabi,,,source_credit,Resized for web display and shown with responsive cropping.,2026-08-13,Creator or reusable license was not identified; credit the recorded source without implying permission.
teamlab-03.jpg,,,,,teamLab Phenomena Abu Dhabi,,,source_credit,Resized for web display and shown with responsive cropping.,2026-08-13,Creator or reusable license was not identified; credit the recorded source without implying permission.
teamlab-04.jpg,,,,,teamLab Phenomena Abu Dhabi,,,source_credit,Resized for web display and shown with responsive cropping.,2026-08-13,Creator or reusable license was not identified; credit the recorded source without implying permission.
teamlab-05.jpg,,,,,teamLab Phenomena Abu Dhabi,,,source_credit,Resized for web display and shown with responsive cropping.,2026-08-13,Creator or reusable license was not identified; credit the recorded source without implying permission.
teamlab-06.jpg,,,,,teamLab Phenomena Abu Dhabi,,,source_credit,Resized for web display and shown with responsive cropping.,2026-08-13,Creator or reusable license was not identified; credit the recorded source without implying permission.
krasota-01.jpg,,,,,What’s On Dubai,,,source_credit,Resized for web display and shown with responsive cropping.,2026-08-13,Creator or reusable license was not identified; credit the recorded source without implying permission.
krasota-02.jpg,,,,,What’s On Dubai,,,source_credit,Resized for web display and shown with responsive cropping.,2026-08-13,Creator or reusable license was not identified; credit the recorded source without implying permission.
krasota-03.jpg,,,,,What’s On Dubai,,,source_credit,Resized for web display and shown with responsive cropping.,2026-08-13,Creator or reusable license was not identified; credit the recorded source without implying permission.
krasota-04.jpg,,KRASOTA,organization,,The National,,,creator_credit,Resized for web display and shown with responsive cropping.,2026-08-13,The National explicitly credits KRASOTA for the image.
aya-01.jpg,,,,,AYA Universe,,,source_credit,Converted to JPEG and resized for web display; shown with responsive cropping.,2026-08-13,Creator or reusable license was not identified; credit the recorded source without implying permission.
aya-02.jpg,,,,,The National,,,source_credit,Resized for web display and shown with responsive cropping.,2026-08-13,Creator or reusable license was not identified; credit the recorded source without implying permission.
aya-03.jpg,,,,,The National,,,source_credit,Resized for web display and shown with responsive cropping.,2026-08-13,Creator or reusable license was not identified; credit the recorded source without implying permission.
arte-01.jpg,,,,,ARTE MUSEUM Dubai,,,source_credit,Cropped and resized for web display.,2026-08-13,Creator or reusable license was not identified; credit the recorded source without implying permission.
arte-02.jpg,,,,,ARTE MUSEUM Dubai,,,source_credit,Cropped and resized for web display.,2026-08-13,Creator or reusable license was not identified; credit the recorded source without implying permission.
arte-03.jpg,,,,,ARTE MUSEUM Dubai,,,source_credit,Cropped and resized for web display.,2026-08-13,Creator or reusable license was not identified; credit the recorded source without implying permission.
toda-01.jpg,,,,,Theatre of Digital Art,,,source_credit,Resized for web display and shown with responsive cropping.,2026-08-13,Creator or reusable license was not identified; credit the recorded source without implying permission.
toda-02.jpg,,,,,Theatre of Digital Art,,,source_credit,Resized for web display and shown with responsive cropping.,2026-08-13,Creator or reusable license was not identified; credit the recorded source without implying permission.
toda-03.jpg,,,,,Theatre of Digital Art,,,source_credit,Resized for web display and shown with responsive cropping.,2026-08-13,Creator or reusable license was not identified; credit the recorded source without implying permission.
houseofhype-01.jpg,,,,,House of Hype,,,source_credit,Converted to JPEG and resized for web display; shown with responsive cropping.,2026-08-13,Creator or reusable license was not identified; credit the recorded source without implying permission.
houseofhype-02.jpg,,,,,House of Hype,,,source_credit,Resized for web display and shown with responsive cropping.,2026-08-13,Creator or reusable license was not identified; credit the recorded source without implying permission.
houseofhype-03.jpg,,,,,House of Hype,,,source_credit,Cropped and resized for web display.,2026-08-13,Creator or reusable license was not identified; credit the recorded source without implying permission.
chaoskarts-01.jpg,,,,,Chaos Karts,,,source_credit,Resized for web display and shown with responsive cropping.,2026-08-13,Creator or reusable license was not identified; credit the recorded source without implying permission.
chaoskarts-02.jpg,,,,,Chaos Karts,,,source_credit,Converted to JPEG and resized for web display; shown with responsive cropping.,2026-08-13,Creator or reusable license was not identified; credit the recorded source without implying permission.
chaoskarts-03.jpg,,,,,Chaos Karts,,,source_credit,Converted to JPEG and resized for web display; shown with responsive cropping.,2026-08-13,Creator or reusable license was not identified; credit the recorded source without implying permission.
chaoskarts-04.jpg,,,,,Chaos Karts,,,source_credit,Converted to JPEG and resized for web display; shown with responsive cropping.,2026-08-13,Creator or reusable license was not identified; credit the recorded source without implying permission.
motf-01.jpg,,,,,Museum of the Future,,,source_credit,Cropped and resized for web display.,2026-08-13,Creator or reusable license was not identified; credit the recorded source without implying permission.
motf-02.jpg,,,,,Museum of the Future,,,source_credit,Resized for web display and shown with responsive cropping.,2026-08-13,Creator or reusable license was not identified; credit the recorded source without implying permission.
motf-03.jpg,,,,,Museum of the Future,,,source_credit,Resized for web display and shown with responsive cropping.,2026-08-13,Creator or reusable license was not identified; credit the recorded source without implying permission.
motf-04.jpg,,,,,Museum of the Future,,,source_credit,Resized for web display and shown with responsive cropping.,2026-08-13,Creator or reusable license was not identified; credit the recorded source without implying permission.
playhouse-01.jpg,,Courtyard Playhouse,organization,,The National,,,creator_credit,Resized for web display and shown with responsive cropping.,2026-08-13,The National explicitly credits Courtyard Playhouse for the image.
playhouse-02.jpg,,Courtyard Playhouse,organization,,The National,,,creator_credit,Resized for web display and shown with responsive cropping.,2026-08-13,The National identifies the venue as the image supplier.
designweek-01.jpg,,,,,Dubai Design Week,,,source_credit,Converted to JPEG and resized for web display; shown with responsive cropping.,2026-08-13,Creator or reusable license was not identified; credit the recorded source without implying permission.
designweek-02.jpg,,,,,Dubai Design Week,,,source_credit,Converted to JPEG and resized for web display; shown with responsive cropping.,2026-08-13,Creator or reusable license was not identified; credit the recorded source without implying permission.
designweek-03.jpg,,,,,Dubai Design Week,,,source_credit,Converted to JPEG and resized for web display; shown with responsive cropping.,2026-08-13,Creator or reusable license was not identified; credit the recorded source without implying permission.
designweek-04.jpg,,,,,Dubai Design Week,,,source_credit,Converted to JPEG and resized for web display; shown with responsive cropping.,2026-08-13,Creator or reusable license was not identified; credit the recorded source without implying permission.
downtowndesign-01.jpg,,,,,Downtown Design,,,source_credit,Converted to JPEG and resized for web display; shown with responsive cropping.,2026-08-13,Creator or reusable license was not identified; credit the recorded source without implying permission.
downtowndesign-02.jpg,,,,,Downtown Design,,,source_credit,Converted to JPEG and resized for web display; shown with responsive cropping.,2026-08-13,Creator or reusable license was not identified; credit the recorded source without implying permission.
downtowndesign-03.jpg,,,,,Downtown Design,,,source_credit,Converted to JPEG and resized for web display; shown with responsive cropping.,2026-08-13,Creator or reusable license was not identified; credit the recorded source without implying permission.
alwasl-01.jpg,,,,,Adrian Smith + Gordon Gill Architecture,,,source_credit,Resized for web display and shown with responsive cropping.,2026-08-13,Creator or reusable license was not identified; credit the recorded source without implying permission.
alwasl-02.jpg,,,,,Adrian Smith + Gordon Gill Architecture,,,source_credit,Resized for web display and shown with responsive cropping.,2026-08-13,Creator or reusable license was not identified; credit the recorded source without implying permission.
alwasl-03.jpg,,,,,Adrian Smith + Gordon Gill Architecture,,,source_credit,Resized for web display and shown with responsive cropping.,2026-08-13,Creator or reusable license was not identified; credit the recorded source without implying permission.
lepetitchef-01.jpg,,,,,Le Petit Chef,,,source_credit,Converted to JPEG and resized for web display; shown with responsive cropping.,2026-08-13,Creator or reusable license was not identified; credit the recorded source without implying permission.
lepetitchef-02.jpg,,,,,Le Petit Chef,,,source_credit,Converted to JPEG and resized for web display; shown with responsive cropping.,2026-08-13,Creator or reusable license was not identified; credit the recorded source without implying permission.
lepetitchef-03.jpg,,,,,Le Petit Chef,,,source_credit,Converted to JPEG and resized for web display; shown with responsive cropping.,2026-08-13,Creator or reusable license was not identified; credit the recorded source without implying permission.
moonrise-01.jpg,,,,,SquareMeal UAE,,,source_credit,Resized for web display and shown with responsive cropping.,2026-08-13,Creator or reusable license was not identified; credit the recorded source without implying permission.
moonrise-02.jpg,,,,,Travels for Stars,,,source_credit,Resized for web display and shown with responsive cropping.,2026-08-13,Creator or reusable license was not identified; credit the recorded source without implying permission.
moonrise-03.jpg,,,,,Travels for Stars,,,source_credit,Resized for web display and shown with responsive cropping.,2026-08-13,Creator or reusable license was not identified; credit the recorded source without implying permission.
ossiano-01.jpg,,Atlantis The Palm,organization,,The National,,,creator_credit,Resized for web display and shown with responsive cropping.,2026-08-13,The National explicitly credits Atlantis The Palm for the image.
ossiano-02.jpg,,,,,ossiano.info,,,source_credit,Converted to JPEG and resized for web display; shown with responsive cropping.,2026-08-13,Creator or reusable license was not identified; credit the recorded source without implying permission.
almahara-01.jpg,,,,,Jumeirah,,,source_credit,Resized for web display and shown with responsive cropping.,2026-08-13,Creator or reusable license was not identified; credit the recorded source without implying permission.
almahara-02.jpg,,,,,Jumeirah,,,source_credit,Resized for web display and shown with responsive cropping.,2026-08-13,Creator or reusable license was not identified; credit the recorded source without implying permission.
almahara-03.jpg,,,,,Jumeirah,,,source_credit,Resized for web display and shown with responsive cropping.,2026-08-13,Creator or reusable license was not identified; credit the recorded source without implying permission.
dits-01.jpg,,,,,Dinner in the Sky Dubai,,,source_credit,Resized for web display and shown with responsive cropping.,2026-08-13,Creator or reusable license was not identified; credit the recorded source without implying permission.
dits-02.jpg,,,,,Dinner in the Sky Dubai,,,source_credit,Resized for web display and shown with responsive cropping.,2026-08-13,Creator or reusable license was not identified; credit the recorded source without implying permission.
dits-03.jpg,,,,,Dinner in the Sky Dubai,,,source_credit,Resized for web display and shown with responsive cropping.,2026-08-13,Creator or reusable license was not identified; credit the recorded source without implying permission.
sevenpaintings-01.jpg,,,,,Dinner Tales,,,source_credit,Resized for web display and shown with responsive cropping.,2026-08-13,Creator or reusable license was not identified; credit the recorded source without implying permission.
sevenpaintings-02.jpg,,,,,Dinner Tales,,,source_credit,Resized for web display and shown with responsive cropping.,2026-08-13,Creator or reusable license was not identified; credit the recorded source without implying permission.
sevenpaintings-03.jpg,,,,,Dinner Tales,,,source_credit,Resized for web display and shown with responsive cropping.,2026-08-13,Creator or reusable license was not identified; credit the recorded source without implying permission.
thepods-01.jpg,,,,,The Pods,,,source_credit,Resized for web display and shown with responsive cropping.,2026-08-13,Creator or reusable license was not identified; credit the recorded source without implying permission.
thepods-02.jpg,,,,,The Pods,,,source_credit,Resized for web display and shown with responsive cropping.,2026-08-13,Creator or reusable license was not identified; credit the recorded source without implying permission.
thepods-03.jpg,,,,,The Pods,,,source_credit,Resized for web display and shown with responsive cropping.,2026-08-13,Creator or reusable license was not identified; credit the recorded source without implying permission.
supperclubs-01.jpg,,Romain Gal,person,,Unsplash,Unsplash License,https://unsplash.com/license,stock_license,Resized for web display and shown with responsive cropping.,2026-08-13,Creator and current Unsplash license recorded for voluntary attribution.
supperclubs-02.jpg,,Tetiana Thiel,person,,Unsplash,Unsplash License,https://unsplash.com/license,stock_license,Resized for web display and shown with responsive cropping.,2026-08-13,Creator and current Unsplash license recorded for voluntary attribution.
lecole-01.jpg,,,,,"L’ÉCOLE, School of Jewelry Arts",,,source_credit,Resized for web display and shown with responsive cropping.,2026-08-13,Creator or reusable license was not identified; credit the recorded source without implying permission.
lecole-02.jpg,,,,,"L’ÉCOLE, School of Jewelry Arts",,,source_credit,Resized for web display and shown with responsive cropping.,2026-08-13,Creator or reusable license was not identified; credit the recorded source without implying permission.
lecole-03.jpg,,,,,"L’ÉCOLE, School of Jewelry Arts",,,source_credit,Resized for web display and shown with responsive cropping.,2026-08-13,Creator or reusable license was not identified; credit the recorded source without implying permission.
lecole-04.jpg,,,,,"L’ÉCOLE, School of Jewelry Arts",,,source_credit,Resized for web display and shown with responsive cropping.,2026-08-13,Creator or reusable license was not identified; credit the recorded source without implying permission.
chipcarving-01.jpg,,,,,Tashkeel,,,source_credit,Resized for web display and shown with responsive cropping.,2026-08-13,Creator or reusable license was not identified; credit the recorded source without implying permission.
chipcarving-02.jpg,Carvingknives,Kaiserb,person,https://en.wikipedia.org/wiki/User:Kaiserb,Wikimedia Commons,CC BY-SA 2.5,https://creativecommons.org/licenses/by-sa/2.5,creative_commons,Resized for web display and shown with responsive cropping. Local adaptation remains under the same license.,2026-08-13,Metadata verified from the Wikimedia Commons API.
chipcarving-03.jpg,ChipCarving,Jonathunder,person,https://commons.wikimedia.org/wiki/User:Jonathunder,Wikimedia Commons,CC BY-SA 3.0,https://creativecommons.org/licenses/by-sa/3.0,creative_commons,Resized for web display and shown with responsive cropping. Local adaptation remains under the same license.,2026-08-13,Metadata verified from the Wikimedia Commons API.
limba-01.jpg,,,,,Limba Ceramics,,,source_credit,Cropped and resized for web display.,2026-08-13,Creator or reusable license was not identified; credit the recorded source without implying permission.
limba-02.jpg,,,,,Limba Ceramics,,,source_credit,Converted to JPEG and resized for web display; shown with responsive cropping.,2026-08-13,Creator or reusable license was not identified; credit the recorded source without implying permission.
limba-03.jpg,,,,,Limba Ceramics,,,source_credit,Converted to JPEG and resized for web display; shown with responsive cropping.,2026-08-13,Creator or reusable license was not identified; credit the recorded source without implying permission.
limba-04.jpg,,,,,Limba Ceramics,,,source_credit,Converted to JPEG and resized for web display; shown with responsive cropping.,2026-08-13,Creator or reusable license was not identified; credit the recorded source without implying permission.
slab-01.jpg,,,,,Yango Maps,,,source_credit,Cropped and resized for web display.,2026-08-13,Creator or reusable license was not identified; credit the recorded source without implying permission.
slab-02.jpg,,,,,Yango Maps,,,source_credit,Resized for web display and shown with responsive cropping.,2026-08-13,Creator or reusable license was not identified; credit the recorded source without implying permission.
slab-03.jpg,,,,,Yango Maps,,,source_credit,Cropped and resized for web display.,2026-08-13,Creator or reusable license was not identified; credit the recorded source without implying permission.
oolalab-01.jpg,,,,,Oo La Lab,,,source_credit,Resized for web display and shown with responsive cropping.,2026-08-13,Creator or reusable license was not identified; credit the recorded source without implying permission.
oolalab-02.jpg,,,,,Oo La Lab,,,source_credit,Resized for web display and shown with responsive cropping.,2026-08-13,Creator or reusable license was not identified; credit the recorded source without implying permission.
oolalab-03.jpg,,,,,Oo La Lab,,,source_credit,Resized for web display and shown with responsive cropping.,2026-08-13,Creator or reusable license was not identified; credit the recorded source without implying permission.
oolalab-04.jpg,,,,,Oo La Lab,,,source_credit,Resized for web display and shown with responsive cropping.,2026-08-13,Creator or reusable license was not identified; credit the recorded source without implying permission.
mirzam-01.jpg,,,,,Mirzam Chocolate Makers,,,source_credit,Cropped and resized for web display.,2026-08-13,Creator or reusable license was not identified; credit the recorded source without implying permission.
mirzam-02.jpg,,,,,Mirzam Chocolate Makers,,,source_credit,Converted to JPEG and resized for web display; shown with responsive cropping.,2026-08-13,Creator or reusable license was not identified; credit the recorded source without implying permission.
mirzam-03.jpg,,,,,Mirzam Chocolate Makers,,,source_credit,Resized for web display and shown with responsive cropping.,2026-08-13,Creator or reusable license was not identified; credit the recorded source without implying permission.
procreate-01.jpg,,,,,iMore,,,source_credit,Resized for web display and shown with responsive cropping.,2026-08-13,Creator or reusable license was not identified; credit the recorded source without implying permission.
procreate-02.jpg,,,,,Franckie Alarcon,,,source_credit,Resized for web display and shown with responsive cropping.,2026-08-13,Creator or reusable license was not identified; credit the recorded source without implying permission.
gemology-01.jpg,,,,,"L’ÉCOLE, School of Jewelry Arts",,,source_credit,Resized for web display and shown with responsive cropping.,2026-08-13,Creator or reusable license was not identified; credit the recorded source without implying permission.
gemology-02.jpg,,,,,"L’ÉCOLE, School of Jewelry Arts",,,source_credit,Resized for web display and shown with responsive cropping.,2026-08-13,Creator or reusable license was not identified; credit the recorded source without implying permission.
gemology-03.jpg,,,,,"L’ÉCOLE, School of Jewelry Arts",,,source_credit,Resized for web display and shown with responsive cropping.,2026-08-13,Creator or reusable license was not identified; credit the recorded source without implying permission.
makerspace-01.jpg,,,,,Dubai Design Week,,,source_credit,Resized for web display and shown with responsive cropping.,2026-08-13,Creator or reusable license was not identified; credit the recorded source without implying permission.
makerspace-02.jpg,,,,,Dubai Design Week,,,source_credit,Resized for web display and shown with responsive cropping.,2026-08-13,Creator or reusable license was not identified; credit the recorded source without implying permission.
topchef-01.jpg,,,,,Top Chef Dubai,,,source_credit,Resized for web display and shown with responsive cropping.,2026-08-13,Creator or reusable license was not identified; credit the recorded source without implying permission.
topchef-02.jpg,,,,,Top Chef Dubai,,,source_credit,Resized for web display and shown with responsive cropping.,2026-08-13,Creator or reusable license was not identified; credit the recorded source without implying permission.
topchef-03.jpg,,,,,Top Chef Dubai,,,source_credit,Resized for web display and shown with responsive cropping.,2026-08-13,Creator or reusable license was not identified; credit the recorded source without implying permission.
topchef-04.jpg,,,,,Top Chef Dubai,,,source_credit,Resized for web display and shown with responsive cropping.,2026-08-13,Creator or reusable license was not identified; credit the recorded source without implying permission.
ruya-01.jpg,,,,,SevenRooms,,,source_credit,Resized for web display and shown with responsive cropping.,2026-08-13,Creator or reusable license was not identified; credit the recorded source without implying permission.
ruya-02.jpg,,,,,Rüya,,,source_credit,Resized for web display and shown with responsive cropping.,2026-08-13,Creator or reusable license was not identified; credit the recorded source without implying permission.
ruya-03.jpg,,,,,Rüya,,,source_credit,Resized for web display and shown with responsive cropping.,2026-08-13,Creator or reusable license was not identified; credit the recorded source without implying permission.
patisserie-01.jpg,,,,,Maison Fleuret,,,source_credit,Resized for web display and shown with responsive cropping.,2026-08-13,Creator or reusable license was not identified; credit the recorded source without implying permission.
patisserie-02.jpg,,,,,Maison Fleuret,,,source_credit,Resized for web display and shown with responsive cropping.,2026-08-13,Creator or reusable license was not identified; credit the recorded source without implying permission.
patisserie-03.jpg,,,,,Banyan Tree,,,source_credit,Resized for web display and shown with responsive cropping.,2026-08-13,Creator or reusable license was not identified; credit the recorded source without implying permission.
spicespoons-01.jpg,,,,,Anantara,,,source_credit,Resized for web display and shown with responsive cropping.,2026-08-13,Creator or reusable license was not identified; credit the recorded source without implying permission.
spicespoons-02.jpg,,,,,Anantara,,,source_credit,Resized for web display and shown with responsive cropping.,2026-08-13,Creator or reusable license was not identified; credit the recorded source without implying permission.
spicespoons-03.jpg,,,,,Anantara,,,source_credit,Resized for web display and shown with responsive cropping.,2026-08-13,Creator or reusable license was not identified; credit the recorded source without implying permission.
salonchocolat-01.jpg,,,,,Salon du Chocolat Dubai,,,source_credit,Resized for web display and shown with responsive cropping.,2026-08-13,Creator or reusable license was not identified; credit the recorded source without implying permission.
salonchocolat-02.jpg,,,,,Salon du Chocolat Dubai,,,source_credit,Resized for web display and shown with responsive cropping.,2026-08-13,Creator or reusable license was not identified; credit the recorded source without implying permission.
salonchocolat-03.jpg,,,,,Salon du Chocolat Dubai,,,source_credit,Resized for web display and shown with responsive cropping.,2026-08-13,Creator or reusable license was not identified; credit the recorded source without implying permission.
dimsum-01.jpg,,Mikhail Nilov,person,,Pexels,Pexels License,https://www.pexels.com/license/,stock_license,Resized for web display and shown with responsive cropping.,2026-08-13,Creator and current Pexels license recorded for voluntary attribution.
dimsum-02.jpg,,Jonas F,person,,Pexels,Pexels License,https://www.pexels.com/license/,stock_license,Resized for web display and shown with responsive cropping.,2026-08-13,Creator and current Pexels license recorded for voluntary attribution.
mtnextreme-01.jpg,,,,,Mountain Extreme,,,source_credit,Resized for web display and shown with responsive cropping.,2026-08-13,Creator or reusable license was not identified; credit the recorded source without implying permission.
mtnextreme-02.jpg,,,,,Mountain Extreme,,,source_credit,Resized for web display and shown with responsive cropping.,2026-08-13,Creator or reusable license was not identified; credit the recorded source without implying permission.
mtnextreme-03.jpg,,,,,Mountain Extreme,,,source_credit,Resized for web display and shown with responsive cropping.,2026-08-13,Creator or reusable license was not identified; credit the recorded source without implying permission.
mtnextreme-04.jpg,,,,,Mountain Extreme,,,source_credit,Resized for web display and shown with responsive cropping.,2026-08-13,Creator or reusable license was not identified; credit the recorded source without implying permission.
boulderzone-01.jpg,,,,,Boulder Zone,,,source_credit,Resized for web display and shown with responsive cropping.,2026-08-13,Creator or reusable license was not identified; credit the recorded source without implying permission.
boulderzone-02.jpg,,,,,Boulder Zone,,,source_credit,Resized for web display and shown with responsive cropping.,2026-08-13,Creator or reusable license was not identified; credit the recorded source without implying permission.
boulderzone-03.jpg,,,,,Boulder Zone,,,source_credit,Resized for web display and shown with responsive cropping.,2026-08-13,Creator or reusable license was not identified; credit the recorded source without implying permission.
rockrepublic-01.jpg,,,,,Rock Republic Dubai,,,source_credit,Resized for web display and shown with responsive cropping.,2026-08-13,Creator or reusable license was not identified; credit the recorded source without implying permission.
rockrepublic-02.jpg,,,,,Rock Republic Dubai,,,source_credit,Resized for web display and shown with responsive cropping.,2026-08-13,Creator or reusable license was not identified; credit the recorded source without implying permission.
goclimb-01.jpg,,,,,GoClimb,,,source_credit,Converted to JPEG and resized for web display; shown with responsive cropping.,2026-08-13,Creator or reusable license was not identified; credit the recorded source without implying permission.
goclimb-02.jpg,,,,,GoClimb,,,source_credit,Resized for web display and shown with responsive cropping.,2026-08-13,Creator or reusable license was not identified; credit the recorded source without implying permission.
goclimb-03.jpg,,,,,GoClimb,,,source_credit,Converted to JPEG and resized for web display; shown with responsive cropping.,2026-08-13,Creator or reusable license was not identified; credit the recorded source without implying permission.
kitesurf-01.jpg,,,,,Kitesurf School Dubai,,,source_credit,Resized for web display and shown with responsive cropping.,2026-08-13,Creator or reusable license was not identified; credit the recorded source without implying permission.
kitesurf-02.jpg,,,,,Kitesurf School Dubai,,,source_credit,Resized for web display and shown with responsive cropping.,2026-08-13,Creator or reusable license was not identified; credit the recorded source without implying permission.
efoil-01.jpg,,,,,Dubai eFoil,,,source_credit,Resized for web display and shown with responsive cropping.,2026-08-13,Creator or reusable license was not identified; credit the recorded source without implying permission.
efoil-02.jpg,,,,,Dubai eFoil,,,source_credit,Resized for web display and shown with responsive cropping.,2026-08-13,Creator or reusable license was not identified; credit the recorded source without implying permission.
efoil-03.jpg,,,,,Dubai eFoil,,,source_credit,Resized for web display and shown with responsive cropping.,2026-08-13,Creator or reusable license was not identified; credit the recorded source without implying permission.
smartgate-01.jpg,,,,,Smart Gate Institute,,,source_credit,Converted to JPEG and resized for web display; shown with responsive cropping.,2026-08-13,Creator or reusable license was not identified; credit the recorded source without implying permission.
smartgate-02.jpg,,,,,Smart Gate Institute,,,source_credit,Resized for web display and shown with responsive cropping.,2026-08-13,Creator or reusable license was not identified; credit the recorded source without implying permission.
jamesalex-01.jpg,,,,,Salsa Vida,,,source_credit,Converted to JPEG and resized for web display; shown with responsive cropping.,2026-08-13,Creator or reusable license was not identified; credit the recorded source without implying permission.
jamesalex-02.jpg,,,,,Salsa Vida,,,source_credit,Converted to JPEG and resized for web display; shown with responsive cropping.,2026-08-13,Creator or reusable license was not identified; credit the recorded source without implying permission.
palais-01.jpg,,,,,Palais de Danse,,,source_credit,Converted to JPEG and resized for web display; shown with responsive cropping.,2026-08-13,Creator or reusable license was not identified; credit the recorded source without implying permission.
palais-02.jpg,,,,,Palais de Danse,,,source_credit,Cropped and resized for web display.,2026-08-13,Creator or reusable license was not identified; credit the recorded source without implying permission.
gpp-01.jpg,,,,,Gulf Photo Plus,,,source_credit,Resized for web display and shown with responsive cropping.,2026-08-13,Creator or reusable license was not identified; credit the recorded source without implying permission.
gpp-02.jpg,,,,,Gulf Photo Plus,,,source_credit,Resized for web display and shown with responsive cropping.,2026-08-13,Creator or reusable license was not identified; credit the recorded source without implying permission.
gpp-03.jpg,,,,,Gulf Photo Plus,,,source_credit,Resized for web display and shown with responsive cropping.,2026-08-13,Creator or reusable license was not identified; credit the recorded source without implying permission.
wakeboard-01.jpg,,,,,SeaWake,,,source_credit,Resized for web display and shown with responsive cropping.,2026-08-13,Creator or reusable license was not identified; credit the recorded source without implying permission.
wakeboard-02.jpg,,,,,Wake Surf Dubai,,,source_credit,Resized for web display and shown with responsive cropping.,2026-08-13,Creator or reusable license was not identified; credit the recorded source without implying permission.
wakeboard-03.jpg,,,,,Wake Surf Dubai,,,source_credit,Resized for web display and shown with responsive cropping.,2026-08-13,Creator or reusable license was not identified; credit the recorded source without implying permission.
skydive-01.jpg,,,,,Skydive Dubai,,,source_credit,Cropped and resized for web display.,2026-08-13,Creator or reusable license was not identified; credit the recorded source without implying permission.
skydive-02.jpg,,,,,Skydive Dubai,,,source_credit,Converted to JPEG and resized for web display; shown with responsive cropping.,2026-08-13,Creator or reusable license was not identified; credit the recorded source without implying permission.
skydive-03.jpg,,,,,Skydive Dubai,,,source_credit,Resized for web display and shown with responsive cropping.,2026-08-13,Creator or reusable license was not identified; credit the recorded source without implying permission.
xline-01.jpg,,,,,XDubai,,,source_credit,Converted to JPEG and resized for web display; shown with responsive cropping.,2026-08-13,Creator or reusable license was not identified; credit the recorded source without implying permission.
xline-02.jpg,,,,,XDubai,,,source_credit,Converted to JPEG and resized for web display; shown with responsive cropping.,2026-08-13,Creator or reusable license was not identified; credit the recorded source without implying permission.
xline-03.jpg,,,,,XDubai,,,source_credit,Converted to JPEG and resized for web display; shown with responsive cropping.,2026-08-13,Creator or reusable license was not identified; credit the recorded source without implying permission.
jaisflight-01.jpg,,,,,Visit Ras Al Khaimah,,,source_credit,Resized for web display and shown with responsive cropping.,2026-08-13,Creator or reusable license was not identified; credit the recorded source without implying permission.
jaisflight-02.jpg,,,,,Visit Ras Al Khaimah,,,source_credit,Resized for web display and shown with responsive cropping.,2026-08-13,Creator or reusable license was not identified; credit the recorded source without implying permission.
jaisflight-03.jpg,,,,,Visit Ras Al Khaimah,,,source_credit,Resized for web display and shown with responsive cropping.,2026-08-13,Creator or reusable license was not identified; credit the recorded source without implying permission.
jaisflight-04.jpg,,,,,Jebel Jais,,,source_credit,Converted to JPEG and resized for web display; shown with responsive cropping.,2026-08-13,Creator or reusable license was not identified; credit the recorded source without implying permission.
viaferrata-01.jpg,,,,,Visit Ras Al Khaimah,,,source_credit,Resized for web display and shown with responsive cropping.,2026-08-13,Creator or reusable license was not identified; credit the recorded source without implying permission.
viaferrata-02.jpg,,,,,Visit Ras Al Khaimah,,,source_credit,Resized for web display and shown with responsive cropping.,2026-08-13,Creator or reusable license was not identified; credit the recorded source without implying permission.
viaferrata-03.jpg,,,,,Visit Ras Al Khaimah,,,source_credit,Resized for web display and shown with responsive cropping.,2026-08-13,Creator or reusable license was not identified; credit the recorded source without implying permission.
waterkarting-01.jpg,,,,,Monster Experience,,,source_credit,Cropped and resized for web display.,2026-08-13,Creator or reusable license was not identified; credit the recorded source without implying permission.
waterkarting-02.jpg,,,,,Monster Experience,,,source_credit,Resized for web display and shown with responsive cropping.,2026-08-13,Creator or reusable license was not identified; credit the recorded source without implying permission.
ifly-01.jpg,,,,,iFly Dubai,,,source_credit,Resized for web display and shown with responsive cropping.,2026-08-13,Creator or reusable license was not identified; credit the recorded source without implying permission.
ifly-02.jpg,,,,,iFly Dubai,,,source_credit,Resized for web display and shown with responsive cropping.,2026-08-13,Creator or reusable license was not identified; credit the recorded source without implying permission.
ifly-03.jpg,,,,,iFly Dubai,,,source_credit,Resized for web display and shown with responsive cropping.,2026-08-13,Creator or reusable license was not identified; credit the recorded source without implying permission.
clymb-01.jpg,,,,,CLYMB Abu Dhabi,,,source_credit,Cropped and resized for web display.,2026-08-13,Creator or reusable license was not identified; credit the recorded source without implying permission.
clymb-02.jpg,,,,,CLYMB Abu Dhabi,,,source_credit,Resized for web display and shown with responsive cropping.,2026-08-13,Creator or reusable license was not identified; credit the recorded source without implying permission.
clymb-03.jpg,,,,,CLYMB Abu Dhabi,,,source_credit,Resized for web display and shown with responsive cropping.,2026-08-13,Creator or reusable license was not identified; credit the recorded source without implying permission.
clymb-04.jpg,,,,,CLYMB Abu Dhabi,,,source_credit,Resized for web display and shown with responsive cropping.,2026-08-13,Creator or reusable license was not identified; credit the recorded source without implying permission.
jetski-01.jpg,,,,,Dubai Jet Ski,,,source_credit,Cropped and resized for web display.,2026-08-13,Creator or reusable license was not identified; credit the recorded source without implying permission.
jetski-02.jpg,,,,,Dubai Jet Ski,,,source_credit,Resized for web display and shown with responsive cropping.,2026-08-13,Creator or reusable license was not identified; credit the recorded source without implying permission.
jetski-03.jpg,,,,,Dubai Jet Ski,,,source_credit,Resized for web display and shown with responsive cropping.,2026-08-13,Creator or reusable license was not identified; credit the recorded source without implying permission.
flyboard-01.jpg,,,,,Dubai Jet Ski,,,source_credit,Cropped and resized for web display.,2026-08-13,Creator or reusable license was not identified; credit the recorded source without implying permission.
flyboard-02.jpg,,,,,Dubai Jet Ski,,,source_credit,Resized for web display and shown with responsive cropping.,2026-08-13,Creator or reusable license was not identified; credit the recorded source without implying permission.
flyboard-03.jpg,,,,,Dubai Jet Ski,,,source_credit,Resized for web display and shown with responsive cropping.,2026-08-13,Creator or reusable license was not identified; credit the recorded source without implying permission.
parasail-01.jpg,,,,,Dubai Jet Ski,,,source_credit,Resized for web display and shown with responsive cropping.,2026-08-13,Creator or reusable license was not identified; credit the recorded source without implying permission.
parasail-02.jpg,,,,,Dubai Jet Ski,,,source_credit,Converted to JPEG and resized for web display; shown with responsive cropping.,2026-08-13,Creator or reusable license was not identified; credit the recorded source without implying permission.
parasail-03.jpg,,,,,Dubai Jet Ski,,,source_credit,Resized for web display and shown with responsive cropping.,2026-08-13,Creator or reusable license was not identified; credit the recorded source without implying permission.
xpark-01.jpg,,,,,XDubai,,,source_credit,Converted to JPEG and resized for web display; shown with responsive cropping.,2026-08-13,Creator or reusable license was not identified; credit the recorded source without implying permission.
xpark-02.jpg,,,,,XDubai,,,source_credit,Converted to JPEG and resized for web display; shown with responsive cropping.,2026-08-13,Creator or reusable license was not identified; credit the recorded source without implying permission.
xpark-03.jpg,,,,,XDubai,,,source_credit,Converted to JPEG and resized for web display; shown with responsive cropping.,2026-08-13,Creator or reusable license was not identified; credit the recorded source without implying permission.
aquaventure-01.jpg,Aquaventure Waterpark-Dubai UAE-Andres Larin,Saaremees,person,,Wikimedia Commons,CC BY-SA 4.0,https://creativecommons.org/licenses/by-sa/4.0,creative_commons,Resized for web display and shown with responsive cropping. Local adaptation remains under the same license.,2026-08-13,Metadata verified from the Wikimedia Commons API.
aquaventure-02.jpg,"Aquaventure. The Atlantis, Dubai (8973483064)","Fabio Achilli from Milano, Italy",person,https://www.flickr.com/people/63503049@N03,Wikimedia Commons,CC BY 2.0,https://creativecommons.org/licenses/by/2.0,creative_commons,Resized for web display and shown with responsive cropping.,2026-08-13,Metadata verified from the Wikimedia Commons API.
aquaventure-03.jpg,"Aquaventure. The Atlantis, Dubai (8973483200)","Fabio Achilli from Milano, Italy",person,https://www.flickr.com/people/63503049@N03,Wikimedia Commons,CC BY 2.0,https://creativecommons.org/licenses/by/2.0,creative_commons,Resized for web display and shown with responsive cropping.,2026-08-13,Metadata verified from the Wikimedia Commons API.
aquaventure-04.jpg,Atlantis Aquapark,Rokaszil,person,https://commons.wikimedia.org/wiki/User:Rokaszil,Wikimedia Commons,CC BY-SA 3.0,https://creativecommons.org/licenses/by-sa/3.0,creative_commons,Resized for web display and shown with responsive cropping. Local adaptation remains under the same license.,2026-08-13,Metadata verified from the Wikimedia Commons API.
aquaventure-05.jpg,Aquaventure Beach-Dubai UAE-Andres Larin,Saaremees,person,,Wikimedia Commons,CC BY-SA 4.0,https://creativecommons.org/licenses/by-sa/4.0,creative_commons,Resized for web display and shown with responsive cropping. Local adaptation remains under the same license.,2026-08-13,Metadata verified from the Wikimedia Commons API.
yaswaterworld-01.jpg,,,,,Yas Waterworld,,,source_credit,Cropped and resized for web display.,2026-08-13,Creator or reusable license was not identified; credit the recorded source without implying permission.
yaswaterworld-02.jpg,,,,,Yas Waterworld,,,source_credit,Resized for web display and shown with responsive cropping.,2026-08-13,Creator or reusable license was not identified; credit the recorded source without implying permission.
yaswaterworld-03.jpg,,,,,Yas Waterworld,,,source_credit,Resized for web display and shown with responsive cropping.,2026-08-13,Creator or reusable license was not identified; credit the recorded source without implying permission.
yaswaterworld-04.jpg,,,,,Yas Waterworld,,,source_credit,Resized for web display and shown with responsive cropping.,2026-08-13,Creator or reusable license was not identified; credit the recorded source without implying permission.
imgworlds-01.jpg,,,,,IMG Worlds of Adventure,,,source_credit,Resized for web display and shown with responsive cropping.,2026-08-13,Creator or reusable license was not identified; credit the recorded source without implying permission.
imgworlds-02.jpg,,,,,IMG Worlds of Adventure,,,source_credit,Resized for web display and shown with responsive cropping.,2026-08-13,Creator or reusable license was not identified; credit the recorded source without implying permission.
imgworlds-03.jpg,IMG Worlds of Adventure,Jeremy Thompson,person,,Wikimedia Commons,CC BY 2.0,https://creativecommons.org/licenses/by/2.0,creative_commons,Resized for web display and shown with responsive cropping.,2026-08-13,Metadata verified from the Wikimedia Commons API.
imgworlds-04.jpg,,,,,IMG Worlds of Adventure,,,source_credit,Resized for web display and shown with responsive cropping.,2026-08-13,Creator or reusable license was not identified; credit the recorded source without implying permission.
wildwadi-01.jpg,Wild Wadi Water Park Dubai (42447604472),Jeremy Thompson,person,,Wikimedia Commons,CC BY 2.0,https://creativecommons.org/licenses/by/2.0,creative_commons,Cropped and resized for web display.,2026-08-13,Metadata verified from the Wikimedia Commons API.
wildwadi-02.jpg,Wild Wadi Water Park Dubai (42448081332),Jeremy Thompson,person,,Wikimedia Commons,CC BY 2.0,https://creativecommons.org/licenses/by/2.0,creative_commons,Resized for web display and shown with responsive cropping.,2026-08-13,Metadata verified from the Wikimedia Commons API.
wildwadi-03.jpg,Wild Wadi Water Park Dubai (42447702462),Jeremy Thompson,person,,Wikimedia Commons,CC BY 2.0,https://creativecommons.org/licenses/by/2.0,creative_commons,Resized for web display and shown with responsive cropping.,2026-08-13,Metadata verified from the Wikimedia Commons API.
wildwadi-04.jpg,Wild Wadi Water Park Dubai (41596434885),Jeremy Thompson,person,,Wikimedia Commons,CC BY 2.0,https://creativecommons.org/licenses/by/2.0,creative_commons,Resized for web display and shown with responsive cropping.,2026-08-13,Metadata verified from the Wikimedia Commons API.
aquafun-01.jpg,,,,,AquaFun,,,source_credit,Converted to JPEG and resized for web display; shown with responsive cropping.,2026-08-13,Creator or reusable license was not identified; credit the recorded source without implying permission.
aquafun-02.jpg,,,,,AquaFun,,,source_credit,Converted to JPEG and resized for web display; shown with responsive cropping.,2026-08-13,Creator or reusable license was not identified; credit the recorded source without implying permission.
aquafun-03.jpg,,,,,AquaFun,,,source_credit,Converted to JPEG and resized for web display; shown with responsive cropping.,2026-08-13,Creator or reusable license was not identified; credit the recorded source without implying permission.
ferrariworld-01.jpg,Ferrariworld by Flo Ness,Floness,person,,Wikimedia Commons,CC BY-SA 4.0,https://creativecommons.org/licenses/by-sa/4.0,creative_commons,Cropped and resized for web display. Local adaptation remains under the same license.,2026-08-13,Metadata verified from the Wikimedia Commons API.
ferrariworld-02.jpg,Formula Rossa roller coaster,Stdragon04,person,,Wikimedia Commons,CC BY-SA 3.0,https://creativecommons.org/licenses/by-sa/3.0,creative_commons,Resized for web display and shown with responsive cropping. Local adaptation remains under the same license.,2026-08-13,Metadata verified from the Wikimedia Commons API.
ferrariworld-03.jpg,Formula rossa-ferrari world-abu dhabi-2011,Alberto-g-rovi,person,https://commons.wikimedia.org/wiki/User:Alberto-g-rovi,Wikimedia Commons,CC BY-SA 3.0,https://creativecommons.org/licenses/by-sa/3.0,creative_commons,Resized for web display and shown with responsive cropping. Local adaptation remains under the same license.,2026-08-13,Metadata verified from the Wikimedia Commons API.
ferrariworld-04.jpg,Flying Aces 2,Jeremy Thompson,person,,Wikimedia Commons,CC BY 2.0,https://creativecommons.org/licenses/by/2.0,creative_commons,Resized for web display and shown with responsive cropping.,2026-08-13,Metadata verified from the Wikimedia Commons API.
motiongate-01.jpg,Entrance of motiongate Dubai,DPR 2016,person,,Wikimedia Commons,CC BY-SA 4.0,https://creativecommons.org/licenses/by-sa/4.0,creative_commons,Resized for web display and shown with responsive cropping. Local adaptation remains under the same license.,2026-08-13,Metadata verified from the Wikimedia Commons API.
motiongate-02.jpg,Motiongate Dubai - 41765343441,Jeremy Thompson,person,,Wikimedia Commons,CC BY 2.0,https://creativecommons.org/licenses/by/2.0,creative_commons,Resized for web display and shown with responsive cropping.,2026-08-13,Metadata verified from the Wikimedia Commons API.
motiongate-03.jpg,Motiongate Dubai - 27896613508,Jeremy Thompson,person,,Wikimedia Commons,CC BY 2.0,https://creativecommons.org/licenses/by/2.0,creative_commons,Resized for web display and shown with responsive cropping.,2026-08-13,Metadata verified from the Wikimedia Commons API.
stormcoaster-01.jpg,,Emaar Entertainment and Recreative,organization,,Intamin,,,creator_credit,Resized for web display and shown with responsive cropping.,2026-08-13,The manufacturer project page names both image credit organizations.
stormcoaster-02.jpg,,Emaar Entertainment and Recreative,organization,,Intamin,,,creator_credit,Resized for web display and shown with responsive cropping.,2026-08-13,The manufacturer project page names both image credit organizations.
stormcoaster-03.jpg,,Emaar Entertainment and Recreative,organization,,Intamin,,,creator_credit,Resized for web display and shown with responsive cropping.,2026-08-13,The manufacturer project page names both image credit organizations.
skidubai-01.jpg,,,,,Ski Dubai,,,source_credit,Cropped and resized for web display.,2026-08-13,Creator or reusable license was not identified; credit the recorded source without implying permission.
skidubai-02.jpg,,,,,Ski Dubai,,,source_credit,Cropped and resized for web display.,2026-08-13,Creator or reusable license was not identified; credit the recorded source without implying permission.
skidubai-03.jpg,,,,,Ski Dubai,,,source_credit,Resized for web display and shown with responsive cropping.,2026-08-13,Creator or reusable license was not identified; credit the recorded source without implying permission.
seaworldad-01.jpg,,,,,SeaWorld Abu Dhabi,,,source_credit,Cropped and resized for web display.,2026-08-13,Creator or reusable license was not identified; credit the recorded source without implying permission.
seaworldad-02.jpg,,,,,SeaWorld Abu Dhabi,,,source_credit,Resized for web display and shown with responsive cropping.,2026-08-13,Creator or reusable license was not identified; credit the recorded source without implying permission.
seaworldad-03.jpg,,,,,SeaWorld Abu Dhabi,,,source_credit,Resized for web display and shown with responsive cropping.,2026-08-13,Creator or reusable license was not identified; credit the recorded source without implying permission.
seaworldad-04.jpg,,,,,SeaWorld Abu Dhabi,,,source_credit,Converted to JPEG and resized for web display; shown with responsive cropping.,2026-08-13,Creator or reusable license was not identified; credit the recorded source without implying permission.
seaworldad-05.jpg,,,,,SeaWorld Abu Dhabi,,,source_credit,Resized for web display and shown with responsive cropping.,2026-08-13,Creator or reusable license was not identified; credit the recorded source without implying permission.
olddubai-01.jpg,Dubai Gold Souk (8668422526),Rob Young from United Kingdom,person,https://www.flickr.com/people/76562640@N00,Wikimedia Commons,CC BY 2.0,https://creativecommons.org/licenses/by/2.0,creative_commons,Cropped and resized for web display.,2026-08-13,Metadata verified from the Wikimedia Commons API.
olddubai-02.jpg,"Gold Souk, Dubai4",dconvertini,person,https://www.flickr.com/people/42477684@N08,Wikimedia Commons,CC BY-SA 2.0,https://creativecommons.org/licenses/by-sa/2.0,creative_commons,Resized for web display and shown with responsive cropping. Local adaptation remains under the same license.,2026-08-13,Metadata verified from the Wikimedia Commons API.
olddubai-03.jpg,Abra @ From Deira to Bur Dubai @ Dubai Creek (15886341865),"Guilhem Vellut from Annecy, France",person,https://www.flickr.com/people/22539273@N00,Wikimedia Commons,CC BY 2.0,https://creativecommons.org/licenses/by/2.0,creative_commons,Resized for web display and shown with responsive cropping.,2026-08-13,Metadata verified from the Wikimedia Commons API.
olddubai-04.jpg,"Gold Souk, Dubai13",dconvertini,person,https://www.flickr.com/people/42477684@N08,Wikimedia Commons,CC BY-SA 2.0,https://creativecommons.org/licenses/by-sa/2.0,creative_commons,Resized for web display and shown with responsive cropping. Local adaptation remains under the same license.,2026-08-13,Metadata verified from the Wikimedia Commons API.
olddubai-05.jpg,Abras in Dubai Creek!,Phil6007,person,,Wikimedia Commons,CC BY-SA 4.0,https://creativecommons.org/licenses/by-sa/4.0,creative_commons,Resized for web display and shown with responsive cropping. Local adaptation remains under the same license.,2026-08-13,Metadata verified from the Wikimedia Commons API.
alserkal-01.jpg,Dubai Alserkal Avenue 2024-11-17,Fuzheado,person,https://commons.wikimedia.org/wiki/User:Fuzheado,Wikimedia Commons,CC0,http://creativecommons.org/publicdomain/zero/1.0/deed.en,public_domain,Cropped and resized for web display.,2026-08-13,Metadata verified from the Wikimedia Commons API.
alserkal-02.jpg,Alserkal Avenue Christina Pravi,Pravichris,person,,Wikimedia Commons,CC BY-SA 4.0,https://creativecommons.org/licenses/by-sa/4.0,creative_commons,Resized for web display and shown with responsive cropping. Local adaptation remains under the same license.,2026-08-13,Metadata verified from the Wikimedia Commons API.
globalvillage-01.jpg,,,,,Global Village,,,source_credit,Resized for web display and shown with responsive cropping.,2026-08-13,Creator or reusable license was not identified; credit the recorded source without implying permission.
globalvillage-02.jpg,,,,,Global Village,,,source_credit,Resized for web display and shown with responsive cropping.,2026-08-13,Creator or reusable license was not identified; credit the recorded source without implying permission.
globalvillage-03.jpg,,,,,Global Village,,,source_credit,Resized for web display and shown with responsive cropping.,2026-08-13,Creator or reusable license was not identified; credit the recorded source without implying permission.
globalvillage-04.jpg,,,,,Global Village,,,source_credit,Resized for web display and shown with responsive cropping.,2026-08-13,Creator or reusable license was not identified; credit the recorded source without implying permission.
artemarket-01.jpg,,,,,ARTE,,,source_credit,Resized for web display and shown with responsive cropping.,2026-08-13,Creator or reusable license was not identified; credit the recorded source without implying permission.
artemarket-02.jpg,,,,,ARTE,,,source_credit,Resized for web display and shown with responsive cropping.,2026-08-13,Creator or reusable license was not identified; credit the recorded source without implying permission.
greenplanet-01.jpg,Green Planet Tree & Waterfall,WikiSilky,person,,Wikimedia Commons,CC BY-SA 4.0,https://creativecommons.org/licenses/by-sa/4.0,creative_commons,Resized for web display and shown with responsive cropping. Local adaptation remains under the same license.,2026-08-13,Metadata verified from the Wikimedia Commons API.
greenplanet-02.jpg,Picture of Toucan taken at green planet,Lintophilip,person,,Wikimedia Commons,CC BY-SA 4.0,https://creativecommons.org/licenses/by-sa/4.0,creative_commons,Resized for web display and shown with responsive cropping. Local adaptation remains under the same license.,2026-08-13,Metadata verified from the Wikimedia Commons API.
greenplanet-03.jpg,Green Planet Tree & Bridge,WikiSilky,person,,Wikimedia Commons,CC BY-SA 4.0,https://creativecommons.org/licenses/by-sa/4.0,creative_commons,Resized for web display and shown with responsive cropping. Local adaptation remains under the same license.,2026-08-13,Metadata verified from the Wikimedia Commons API.
comptoir-01.jpg,,,,,Comptoir 102,,,source_credit,Cropped and resized for web display.,2026-08-13,Creator or reusable license was not identified; credit the recorded source without implying permission.
comptoir-02.jpg,,,,,Comptoir 102,,,source_credit,Resized for web display and shown with responsive cropping.,2026-08-13,Creator or reusable license was not identified; credit the recorded source without implying permission.
flipside-01.jpg,"Sonic Boom record store interior, Toronto 2026",Chicken4War,person,https://commons.wikimedia.org/wiki/User:Chicken4War,Wikimedia Commons,CC BY-SA 4.0,https://creativecommons.org/licenses/by-sa/4.0,creative_commons,Cropped and resized for web display. Local adaptation remains under the same license.,2026-08-13,Metadata verified from the Wikimedia Commons API.
flipside-02.jpg,Vinyl collection at a record store (Unsplash),Mr Cup / Fabien Barral iammrcup,person,https://unsplash.com/@iammrcup,Wikimedia Commons,CC0,http://creativecommons.org/publicdomain/zero/1.0/deed.en,public_domain,Resized for web display and shown with responsive cropping.,2026-08-13,Metadata verified from the Wikimedia Commons API.
theedit-01.jpg,Man examines clothing in a boutique while shopping for fashionable attire in a trendy store setting,Shixart1985,person,https://commons.wikimedia.org/wiki/User:Shixart1985,Wikimedia Commons,CC BY 2.0,https://creativecommons.org/licenses/by/2.0,creative_commons,Cropped and resized for web display.,2026-08-13,Metadata verified from the Wikimedia Commons API.
theedit-02.jpg,,,,,The Edit Dubai,,,source_credit,Resized for web display and shown with responsive cropping.,2026-08-13,Creator or reusable license was not identified; credit the recorded source without implying permission.
ibnbattuta-01.jpg,Ibn Bathutha Mall of Dubai,Challiyil Eswaramangalath Pavithran Vipin,person,,Wikimedia Commons,CC BY-SA 2.0,https://creativecommons.org/licenses/by-sa/2.0,creative_commons,Cropped and resized for web display. Local adaptation remains under the same license.,2026-08-13,Metadata verified from the Wikimedia Commons API.
ibnbattuta-02.jpg,Ibn Battuta Mall on 2 June 2007 Pict 1,Imre Solt,person,https://commons.wikimedia.org/wiki/Category:Images_by_Imre_Solt,Wikimedia Commons,CC BY-SA 3.0,http://creativecommons.org/licenses/by-sa/3.0/,creative_commons,Resized for web display and shown with responsive cropping. Local adaptation remains under the same license.,2026-08-13,Metadata verified from the Wikimedia Commons API.
fashionavenue-01.jpg,,,,,The Dubai Mall,,,source_credit,Cropped and resized for web display.,2026-08-13,Creator or reusable license was not identified; credit the recorded source without implying permission.
fashionavenue-02.jpg,,,,,The Dubai Mall,,,source_credit,Resized for web display and shown with responsive cropping.,2026-08-13,Creator or reusable license was not identified; credit the recorded source without implying permission.
fashiondome-01.jpg,"Mall of the Emirates, Dubai (8973609608)","Fabio Achilli from Milano, Italy",person,https://www.flickr.com/people/63503049@N03,Wikimedia Commons,CC BY 2.0,https://creativecommons.org/licenses/by/2.0,creative_commons,Cropped and resized for web display.,2026-08-13,Metadata verified from the Wikimedia Commons API.
fashiondome-02.jpg,P1000559 (5768342895),krebsmaus07,person,https://www.flickr.com/people/13891036@N07,Wikimedia Commons,CC BY 2.0,https://creativecommons.org/licenses/by/2.0,creative_commons,Resized for web display and shown with responsive cropping.,2026-08-13,Metadata verified from the Wikimedia Commons API.
outletvillage-01.jpg,,,,,United Al Saqer Group,,,source_credit,Cropped and resized for web display.,2026-08-13,Creator or reusable license was not identified; credit the recorded source without implying permission.
outletvillage-02.jpg,,,,,United Al Saqer Group,,,source_credit,Resized for web display and shown with responsive cropping.,2026-08-13,Creator or reusable license was not identified; credit the recorded source without implying permission.
nest-01.jpg,,,,,Nara Desert Escapes,,,source_credit,Cropped and resized for web display.,2026-08-13,Creator or reusable license was not identified; credit the recorded source without implying permission.
nest-02.jpg,,,,,Nara Desert Escapes,,,source_credit,Resized for web display and shown with responsive cropping.,2026-08-13,Creator or reusable license was not identified; credit the recorded source without implying permission.
nest-03.jpg,,,,,Nara Desert Escapes,,,source_credit,Resized for web display and shown with responsive cropping.,2026-08-13,Creator or reusable license was not identified; credit the recorded source without implying permission.
nest-04.jpg,,,,,Nara Desert Escapes,,,source_credit,Resized for web display and shown with responsive cropping.,2026-08-13,Creator or reusable license was not identified; credit the recorded source without implying permission.
nest-05.jpg,,,,,Nara Desert Escapes,,,source_credit,Resized for web display and shown with responsive cropping.,2026-08-13,Creator or reusable license was not identified; credit the recorded source without implying permission.
sonara-01.jpg,,,,,Nara Desert Escapes,,,source_credit,Cropped and resized for web display.,2026-08-13,Creator or reusable license was not identified; credit the recorded source without implying permission.
sonara-02.jpg,,,,,Nara Desert Escapes,,,source_credit,Resized for web display and shown with responsive cropping.,2026-08-13,Creator or reusable license was not identified; credit the recorded source without implying permission.
sonara-03.jpg,,,,,Nara Desert Escapes,,,source_credit,Resized for web display and shown with responsive cropping.,2026-08-13,Creator or reusable license was not identified; credit the recorded source without implying permission.
sonara-04.jpg,,,,,Nara Desert Escapes,,,source_credit,Resized for web display and shown with responsive cropping.,2026-08-13,Creator or reusable license was not identified; credit the recorded source without implying permission.
balloon-01.jpg,,,,,Visit Dubai,,,source_credit,Cropped and resized for web display.,2026-08-13,Creator or reusable license was not identified; credit the recorded source without implying permission.
balloon-02.jpg,,,,,Hero Balloon Flights,,,source_credit,Resized for web display and shown with responsive cropping.,2026-08-13,Creator or reusable license was not identified; credit the recorded source without implying permission.
balloon-03.jpg,,,,,Hero Balloon Flights,,,source_credit,Resized for web display and shown with responsive cropping.,2026-08-13,Creator or reusable license was not identified; credit the recorded source without implying permission.
mleiha-01.jpg,,,,,Sharjah24,,,source_credit,Cropped and resized for web display.,2026-08-13,Creator or reusable license was not identified; credit the recorded source without implying permission.
mleiha-02.jpg,,,,,Visit Sharjah,,,source_credit,Cropped and resized for web display.,2026-08-13,Creator or reusable license was not identified; credit the recorded source without implying permission.
mleiha-03.jpg,,,,,Sharjah24,,,source_credit,Cropped and resized for web display.,2026-08-13,Creator or reusable license was not identified; credit the recorded source without implying permission.
talise-01.jpg,,,,,Jumeirah,,,source_credit,Cropped and resized for web display.,2026-08-13,Creator or reusable license was not identified; credit the recorded source without implying permission.
talise-02.jpg,,,,,Jumeirah,,,source_credit,Resized for web display and shown with responsive cropping.,2026-08-13,Creator or reusable license was not identified; credit the recorded source without implying permission.
talise-03.jpg,,,,,Jumeirah,,,source_credit,Resized for web display and shown with responsive cropping.,2026-08-13,Creator or reusable license was not identified; credit the recorded source without implying permission.
lovelakes-01.jpg,LOVE LAKE DUBAI,Ahmad3027,person,,Wikimedia Commons,CC BY-SA 4.0,https://creativecommons.org/licenses/by-sa/4.0,creative_commons,Resized for web display and shown with responsive cropping. Local adaptation remains under the same license.,2026-08-13,Metadata verified from the Wikimedia Commons API.
lovelakes-02.jpg,Love lakes DDE351EC-AC8A-42CE-A595-2EE2B5DFC103,Rayan nadim,person,,Wikimedia Commons,CC BY-SA 4.0,https://creativecommons.org/licenses/by-sa/4.0,creative_commons,Resized for web display and shown with responsive cropping. Local adaptation remains under the same license.,2026-08-13,Metadata verified from the Wikimedia Commons API.
lovelakes-03.jpg,Love lake honeymoon !,ArpanDey80,person,,Wikimedia Commons,CC BY-SA 4.0,https://creativecommons.org/licenses/by-sa/4.0,creative_commons,Resized for web display and shown with responsive cropping. Local adaptation remains under the same license.,2026-08-13,Metadata verified from the Wikimedia Commons API.
yacht-01.jpg,,,,,Sky Walker Yacht Rental,,,source_credit,Converted to JPEG and resized for web display; shown with responsive cropping.,2026-08-13,Creator or reusable license was not identified; credit the recorded source without implying permission.
yacht-02.jpg,,,,,Sky Walker Yacht Rental,,,source_credit,Converted to JPEG and resized for web display; shown with responsive cropping.,2026-08-13,Creator or reusable license was not identified; credit the recorded source without implying permission.
yacht-03.jpg,,,,,Sky Walker Yacht Rental,,,source_credit,Converted to JPEG and resized for web display; shown with responsive cropping.,2026-08-13,Creator or reusable license was not identified; credit the recorded source without implying permission.
yacht-04.jpg,,,,,Sky Walker Yacht Rental,,,source_credit,Converted to JPEG and resized for web display; shown with responsive cropping.,2026-08-13,Creator or reusable license was not identified; credit the recorded source without implying permission.
opera-01.jpg,,Dawid Tkocz,person,,Pexels,Pexels License,https://www.pexels.com/license/,stock_license,Resized for web display and shown with responsive cropping.,2026-08-13,Creator and current Pexels license recorded for voluntary attribution.
opera-02.jpg,Inside the Dubai Opera,heyexplorer.com,organization,,Wikimedia Commons,CC BY 2.0,https://creativecommons.org/licenses/by/2.0,creative_commons,Resized for web display and shown with responsive cropping.,2026-08-13,Metadata verified from the Wikimedia Commons API.
opera-03.jpg,,,,,Emaar,,,source_credit,Resized for web display and shown with responsive cropping.,2026-08-13,Creator or reusable license was not identified; credit the recorded source without implying permission.
kayaksunrise-01.jpg,,,,,The National,,,source_credit,Resized for web display and shown with responsive cropping.,2026-08-13,Creator or reusable license was not identified; credit the recorded source without implying permission.
kayaksunrise-02.jpg,,,,,Visit Dubai,,,source_credit,Resized for web display and shown with responsive cropping.,2026-08-13,Creator or reusable license was not identified; credit the recorded source without implying permission.
picnic-01.jpg,,Mikhail Nilov,person,,Pexels,Pexels License,https://www.pexels.com/license/,stock_license,Resized for web display and shown with responsive cropping.,2026-08-13,Creator and current Pexels license recorded for voluntary attribution.
picnic-02.jpg,,Luan Fonseca,person,,Unsplash,Unsplash License,https://unsplash.com/license,stock_license,Resized for web display and shown with responsive cropping.,2026-08-13,Creator and current Unsplash license recorded for voluntary attribution.
snoopy-01.jpg,,,,,Sandy Beach Dive Centre,,,source_credit,Cropped and resized for web display.,2026-08-13,Creator or reusable license was not identified; credit the recorded source without implying permission.
snoopy-02.jpg,Pristine blue waters of Snoopy Island,Wongleejean,person,,Wikimedia Commons,CC BY-SA 4.0,https://creativecommons.org/licenses/by-sa/4.0,creative_commons,Resized for web display and shown with responsive cropping. Local adaptation remains under the same license.,2026-08-13,Metadata verified from the Wikimedia Commons API.
snoopy-03.jpg,Fujairah Beach,JSPhotography2016,person,,Wikimedia Commons,CC BY-SA 4.0,https://creativecommons.org/licenses/by-sa/4.0,creative_commons,Resized for web display and shown with responsive cropping. Local adaptation remains under the same license.,2026-08-13,Metadata verified from the Wikimedia Commons API.
snoopy-04.jpg,Snoopy Island Long Exposure,Abhijeet Dutta,person,,Wikimedia Commons,CC BY-SA 4.0,https://creativecommons.org/licenses/by-sa/4.0,creative_commons,Resized for web display and shown with responsive cropping. Local adaptation remains under the same license.,2026-08-13,Metadata verified from the Wikimedia Commons API.
musandam-01.jpg,Khor Ash Sham (38529258240),Robert Haandrikman,person,https://www.flickr.com/people/96286724@N02,Wikimedia Commons,CC BY 2.0,https://creativecommons.org/licenses/by/2.0,creative_commons,Resized for web display and shown with responsive cropping.,2026-08-13,Metadata verified from the Wikimedia Commons API.
musandam-02.jpg,"Dhow Cruise, Khasab, Oman - panoramio (2)",Toppazz,person,https://web.archive.org/web/20161017203407/http://www.panoramio.com/user/3937259?with_photo_id=46044764,Wikimedia Commons,CC BY 3.0,https://creativecommons.org/licenses/by/3.0,creative_commons,Resized for web display and shown with responsive cropping.,2026-08-13,Metadata verified from the Wikimedia Commons API.
musandam-03.jpg,Full Day Dhow Cruise in Khasab Musandam,A.wahid47,person,,Wikimedia Commons,CC BY-SA 4.0,https://creativecommons.org/licenses/by-sa/4.0,creative_commons,Resized for web display and shown with responsive cropping. Local adaptation remains under the same license.,2026-08-13,Metadata verified from the Wikimedia Commons API.
musandam-04.jpg,Musandam Dhow Cruise (15992601694),traveljunction,person,https://www.flickr.com/people/128012202@N05,Wikimedia Commons,CC BY-SA 2.0,https://creativecommons.org/licenses/by-sa/2.0,creative_commons,Resized for web display and shown with responsive cropping. Local adaptation remains under the same license.,2026-08-13,Metadata verified from the Wikimedia Commons API.
musandam-05.jpg,"Dhow trip in the fjords of Musandam, Oman (36208084624)",Robert Haandrikman,person,https://www.flickr.com/people/96286724@N02,Wikimedia Commons,CC BY 2.0,https://creativecommons.org/licenses/by/2.0,creative_commons,Resized for web display and shown with responsive cropping.,2026-08-13,Metadata verified from the Wikimedia Commons API.
hatta-01.jpg,,,,,Visit Hatta,,,source_credit,Converted to JPEG and resized for web display; shown with responsive cropping.,2026-08-13,Creator or reusable license was not identified; credit the recorded source without implying permission.
hatta-02.jpg,,,,,Visit Hatta,,,source_credit,Converted to JPEG and resized for web display; shown with responsive cropping.,2026-08-13,Creator or reusable license was not identified; credit the recorded source without implying permission.
hatta-03.jpg,,,,,Visit Hatta,,,source_credit,Converted to JPEG and resized for web display; shown with responsive cropping.,2026-08-13,Creator or reusable license was not identified; credit the recorded source without implying permission.
hatta-04.jpg,,,,,Visit Hatta,,,source_credit,Converted to JPEG and resized for web display; shown with responsive cropping.,2026-08-13,Creator or reusable license was not identified; credit the recorded source without implying permission.
hatta-05.jpg,,,,,Visit Hatta,,,source_credit,Converted to JPEG and resized for web display; shown with responsive cropping.,2026-08-13,Creator or reusable license was not identified; credit the recorded source without implying permission.
jebeljais-01.jpg,,,,,Jebel Jais,,,source_credit,Resized for web display and shown with responsive cropping.,2026-08-13,Creator or reusable license was not identified; credit the recorded source without implying permission.
jebeljais-02.jpg,,,,,Jebel Jais,,,source_credit,Resized for web display and shown with responsive cropping.,2026-08-13,Creator or reusable license was not identified; credit the recorded source without implying permission.
jebeljais-03.jpg,,,,,Jebel Jais,,,source_credit,Resized for web display and shown with responsive cropping.,2026-08-13,Creator or reusable license was not identified; credit the recorded source without implying permission.
jebeljais-04.jpg,,,,,Jebel Jais,,,source_credit,Resized for web display and shown with responsive cropping.,2026-08-13,Creator or reusable license was not identified; credit the recorded source without implying permission.
jebeljais-05.jpg,,,,,Jebel Jais,,,source_credit,Resized for web display and shown with responsive cropping.,2026-08-13,Creator or reusable license was not identified; credit the recorded source without implying permission.
abudhabiday-01.jpg,,,,,teamLab Phenomena Abu Dhabi,,,source_credit,Resized for web display and shown with responsive cropping.,2026-08-13,Creator or reusable license was not identified; credit the recorded source without implying permission.
abudhabiday-02.jpg,,,,,teamLab Phenomena Abu Dhabi,,,source_credit,Resized for web display and shown with responsive cropping.,2026-08-13,Creator or reusable license was not identified; credit the recorded source without implying permission.
abudhabiday-03.jpg,,,,,teamLab Phenomena Abu Dhabi,,,source_credit,Resized for web display and shown with responsive cropping.,2026-08-13,Creator or reusable license was not identified; credit the recorded source without implying permission.
abudhabiday-04.jpg,,,,,CLYMB Abu Dhabi,,,source_credit,Resized for web display and shown with responsive cropping.,2026-08-13,Creator or reusable license was not identified; credit the recorded source without implying permission.
yasraid-01.jpg,,,,,Yas Island,,,source_credit,Resized for web display and shown with responsive cropping.,2026-08-13,Creator or reusable license was not identified; credit the recorded source without implying permission.
yasraid-02.jpg,,,,,Yas Island,,,source_credit,Resized for web display and shown with responsive cropping.,2026-08-13,Creator or reusable license was not identified; credit the recorded source without implying permission.
yasraid-03.jpg,,,,,Yas Island,,,source_credit,Resized for web display and shown with responsive cropping.,2026-08-13,Creator or reusable license was not identified; credit the recorded source without implying permission.
yasraid-04.jpg,,,,,Yas Island,,,source_credit,Resized for web display and shown with responsive cropping.,2026-08-13,Creator or reusable license was not identified; credit the recorded source without implying permission.
fujairah-01.jpg,,,,,Fujairah Tourism,,,source_credit,Resized for web display and shown with responsive cropping.,2026-08-13,Creator or reusable license was not identified; credit the recorded source without implying permission.
fujairah-02.jpg,,,,,Fujairah Tourism,,,source_credit,Resized for web display and shown with responsive cropping.,2026-08-13,Creator or reusable license was not identified; credit the recorded source without implying permission.
fujairah-03.jpg,,,,,Fujairah Tourism,,,source_credit,Resized for web display and shown with responsive cropping.,2026-08-13,Creator or reusable license was not identified; credit the recorded source without implying permission.
fujairah-04.jpg,Fujairah Coast,JSPhotography2016,person,,Wikimedia Commons,CC BY-SA 4.0,https://creativecommons.org/licenses/by-sa/4.0,creative_commons,Resized for web display and shown with responsive cropping. Local adaptation remains under the same license.,2026-08-13,Metadata verified from the Wikimedia Commons API.
alain-01.jpg,,,,,Visit Abu Dhabi,,,source_credit,Resized for web display and shown with responsive cropping.,2026-08-13,Creator or reusable license was not identified; credit the recorded source without implying permission.
alain-02.jpg,Falaj irrigation system at Al Ain Oasis,Sarkar.abhik,person,,Wikimedia Commons,CC BY-SA 4.0,https://creativecommons.org/licenses/by-sa/4.0,creative_commons,Cropped and resized for web display. Local adaptation remains under the same license.,2026-08-13,Metadata verified from the Wikimedia Commons API.
alain-03.jpg,Al-Ain Oasis (5),Radosław Botev,person,,Wikimedia Commons,CC BY 3.0 pl,https://creativecommons.org/licenses/by/3.0/pl/deed.en,creative_commons,Resized for web display and shown with responsive cropping.,2026-08-13,Metadata verified from the Wikimedia Commons API.
vibrissae-01.jpg,,,,,Magicpin,,,source_credit,Cropped and resized for web display.,2026-08-13,Creator or reusable license was not identified; credit the recorded source without implying permission.
vibrissae-02.jpg,,,,,Vibrissae Cat Café,,,source_credit,Cropped and resized for web display.,2026-08-13,Creator or reusable license was not identified; credit the recorded source without implying permission.
vibrissae-03.jpg,,,,,Magicpin,,,source_credit,Cropped and resized for web display.,2026-08-13,Creator or reusable license was not identified; credit the recorded source without implying permission.
vibrissae-04.jpg,,,,,Magicpin,,,source_credit,Cropped and resized for web display.,2026-08-13,Creator or reusable license was not identified; credit the recorded source without implying permission.
fluffin-01.jpg,,,,,Fluffin,,,source_credit,Cropped and resized for web display.,2026-08-13,Creator or reusable license was not identified; credit the recorded source without implying permission.
fluffin-02.jpg,,,,,Fluffin,,,source_credit,Cropped and resized for web display.,2026-08-13,Creator or reusable license was not identified; credit the recorded source without implying permission.
fluffin-03.jpg,,,,,Fluffin,,,source_credit,Cropped and resized for web display.,2026-08-13,Creator or reusable license was not identified; credit the recorded source without implying permission.
fluffin-04.jpg,,,,,Fluffin,,,source_credit,Cropped and resized for web display.,2026-08-13,Creator or reusable license was not identified; credit the recorded source without implying permission.
platinumcamel-01.jpg,,,,,Platinum Heritage,,,source_credit,Resized for web display and shown with responsive cropping.,2026-08-13,Creator or reusable license was not identified; credit the recorded source without implying permission.
platinumcamel-02.jpg,,,,,Platinum Heritage,,,source_credit,Resized for web display and shown with responsive cropping.,2026-08-13,Creator or reusable license was not identified; credit the recorded source without implying permission.
platinumcamel-03.jpg,,,,,Platinum Heritage,,,source_credit,Resized for web display and shown with responsive cropping.,2026-08-13,Creator or reusable license was not identified; credit the recorded source without implying permission.
platinumcamel-04.jpg,,,,,Platinum Heritage,,,source_credit,Resized for web display and shown with responsive cropping.,2026-08-13,Creator or reusable license was not identified; credit the recorded source without implying permission.
camelfarm-01.jpg,,Chris Whiteoak,person,,The National,,,creator_credit,Resized for web display and shown with responsive cropping.,2026-08-13,The National feature explicitly names the photographer.
camelfarm-02.jpg,,Chris Whiteoak,person,,The National,,,creator_credit,Resized for web display and shown with responsive cropping.,2026-08-13,The National feature explicitly names the photographer.
camelfarm-03.jpg,,Chris Whiteoak,person,,The National,,,creator_credit,Resized for web display and shown with responsive cropping.,2026-08-13,The National feature explicitly names the photographer.
camelfarm-04.jpg,,,,,The Camel Farm,,,source_credit,Cropped and resized for web display.,2026-08-13,Creator or reusable license was not identified; credit the recorded source without implying permission.
falconhospital-01.jpg,,,,,Abu Dhabi Falcon Hospital,,,source_credit,Cropped and resized for web display.,2026-08-13,Creator or reusable license was not identified; credit the recorded source without implying permission.
falconhospital-02.jpg,,,,,Abu Dhabi Falcon Hospital,,,source_credit,Cropped and resized for web display.,2026-08-13,Creator or reusable license was not identified; credit the recorded source without implying permission.
falconhospital-03.jpg,,,,,Abu Dhabi Falcon Hospital,,,source_credit,Resized for web display and shown with responsive cropping.,2026-08-13,Creator or reusable license was not identified; credit the recorded source without implying permission.
falconhospital-04.jpg,,,,,Abu Dhabi Falcon Hospital,,,source_credit,Resized for web display and shown with responsive cropping.,2026-08-13,Creator or reusable license was not identified; credit the recorded source without implying permission.
rasalkhor-01.jpg,Ras Al Khor Wildlife Sanctuary with Dubai Skyline,Florian Kriechbaumer,person,,Wikimedia Commons,CC BY-SA 4.0,https://creativecommons.org/licenses/by-sa/4.0,creative_commons,Resized for web display and shown with responsive cropping. Local adaptation remains under the same license.,2026-08-13,Metadata verified from the Wikimedia Commons API.
rasalkhor-02.jpg,Bird watch hideouts,Vicharam,person,,Wikimedia Commons,CC BY-SA 3.0,https://creativecommons.org/licenses/by-sa/3.0,creative_commons,Resized for web display and shown with responsive cropping. Local adaptation remains under the same license.,2026-08-13,Metadata verified from the Wikimedia Commons API.
rasalkhor-03.jpg,A Flamingo In Ra's Al Khor Wildlife Sanctuary,Chuck202,person,,Wikimedia Commons,CC BY-SA 4.0,https://creativecommons.org/licenses/by-sa/4.0,creative_commons,Cropped and resized for web display. Local adaptation remains under the same license.,2026-08-13,Metadata verified from the Wikimedia Commons API.
rasalkhor-04.jpg,"Flamingos at the Ras Al Khor Wildlife Sanctuary, Dubai",Iwona Rege,person,,Wikimedia Commons,CC BY-SA 4.0,https://creativecommons.org/licenses/by-sa/4.0,creative_commons,Cropped and resized for web display. Local adaptation remains under the same license.,2026-08-13,Metadata verified from the Wikimedia Commons API.
turtlerehab-01.jpg,,,,,Jumeirah,,,source_credit,Resized for web display and shown with responsive cropping.,2026-08-13,Creator or reusable license was not identified; credit the recorded source without implying permission.
turtlerehab-02.jpg,,,,,Jumeirah,,,source_credit,Resized for web display and shown with responsive cropping.,2026-08-13,Creator or reusable license was not identified; credit the recorded source without implying permission.
turtlerehab-03.jpg,,,,,Jumeirah,,,source_credit,Resized for web display and shown with responsive cropping.,2026-08-13,Creator or reusable license was not identified; credit the recorded source without implying permission.
turtlerehab-04.jpg,,,,,Jumeirah,,,source_credit,Converted to JPEG and resized for web display; shown with responsive cropping.,2026-08-13,Creator or reusable license was not identified; credit the recorded source without implying permission.
opa-01.jpg,OPA plate smashing,Jure Ursic,person,,What’s On Dubai,,,creator_credit,Re-encoded for web display and shown with responsive cropping.,2026-08-20,Creator identified from the JPEG’s embedded copyright metadata; no reusable license was identified.
opa-02.jpg,,,,,OPA,,,source_credit,Converted from WebP and resized for responsive web display.,2026-08-20,Official OPA Dubai gallery image; no individual creator or reusable license was identified.
opa-03.jpg,,,,,OPA,,,source_credit,Converted from WebP and resized for responsive web display.,2026-08-20,Official OPA Dubai gallery image; no individual creator or reusable license was identified.
opa-04.jpg,,,,,OPA,,,source_credit,Converted from WebP and resized for responsive web display.,2026-08-20,Official OPA Dubai gallery image; no individual creator or reusable license was identified.
boomah-01.jpg,Owl opening its wings on a handler's glove,,,,Arab News,,,source_credit,Re-encoded for web display and shown with responsive cropping.,2026-08-23,Photograph supplied to Arab News; no individual creator or reusable license was identified.
boomah-02.jpg,Boomah café and glass-walled owl room,,,,Yango Maps,,,source_credit,Resized and re-encoded for web display; shown with responsive cropping.,2026-08-23,Exact-venue business-gallery photograph; no individual creator or reusable license was identified.
boomah-03.jpg,Visitor touching a snowy owl,,,,Arab News,,,source_credit,Re-encoded for web display and shown with responsive cropping.,2026-08-23,Photograph supplied to Arab News; no individual creator or reusable license was identified.
boomah-04.jpg,Owl-themed drinks at Boomah,,,,Yango Maps,,,source_credit,Resized and re-encoded for web display; shown with responsive cropping.,2026-08-23,Exact-venue business-gallery photograph; no individual creator or reusable license was identified.
thewall-01.jpg,,,,,The Wall Climbing Gym,,,source_credit,Resized for web display and shown with responsive cropping.,2026-08-13,Creator or reusable license was not identified; credit the recorded source without implying permission.
thewall-02.jpg,,,,,The Wall Climbing Gym,,,source_credit,Resized for web display and shown with responsive cropping.,2026-08-13,Creator or reusable license was not identified; credit the recorded source without implying permission.
meowtropolis-01.jpg,,,,,Meowtropolis Cat Café,,,source_credit,Cropped and resized for web display.,2026-08-13,Creator or reusable license was not identified; credit the recorded source without implying permission.
meowtropolis-02.jpg,,,,,Meowtropolis Cat Café,,,source_credit,Cropped and resized for web display.,2026-08-13,Creator or reusable license was not identified; credit the recorded source without implying permission.
meowtropolis-03.jpg,,,,,Meowtropolis Cat Café,,,source_credit,Cropped and resized for web display.,2026-08-13,Creator or reusable license was not identified; credit the recorded source without implying permission.
meowtropolis-04.jpg,,,,,Meowtropolis Cat Café,,,source_credit,Cropped and resized for web display.,2026-08-13,Creator or reusable license was not identified; credit the recorded source without implying permission.
butterflygarden-01.jpg,,,,,Dubai Miracle Garden,,,source_credit,Cropped and resized for web display.,2026-08-13,Creator or reusable license was not identified; credit the recorded source without implying permission.
butterflygarden-02.jpg,Dubai Butterfly Garden,Ginevrajocosa88,person,https://commons.wikimedia.org/wiki/User:Ginevrajocosa88,Wikimedia Commons,CC BY-SA 4.0,https://creativecommons.org/licenses/by-sa/4.0,creative_commons,Resized for web display and shown with responsive cropping. Local adaptation remains under the same license.,2026-08-13,Metadata verified from the Wikimedia Commons API.
butterflygarden-03.jpg,,,,,Dubai Miracle Garden,,,source_credit,Resized for web display and shown with responsive cropping.,2026-08-13,Creator or reusable license was not identified; credit the recorded source without implying permission.
butterflygarden-04.jpg,,,,,Dubai Miracle Garden,,,source_credit,Resized for web display and shown with responsive cropping.,2026-08-13,Creator or reusable license was not identified; credit the recorded source without implying permission.
robertos-01.jpg,,,,,Roberto’s,,,source_credit,Cropped and resized for web display.,2026-08-23,Creator or reusable license was not identified; credit the recorded source without implying permission.
robertos-02.jpg,,,,,Roberto’s,,,source_credit,Resized for web display and shown with responsive cropping.,2026-08-23,Creator or reusable license was not identified; credit the recorded source without implying permission.
robertos-03.jpg,,,,,Roberto’s,,,source_credit,Resized for web display and shown with responsive cropping.,2026-08-23,Creator or reusable license was not identified; credit the recorded source without implying permission.
robertos-04.jpg,,,,,Roberto’s,,,source_credit,Resized for web display and shown with responsive cropping.,2026-08-23,Creator or reusable license was not identified; credit the recorded source without implying permission.
salmonguru-01.jpg,,,,,Luxhabitat,,,source_credit,Resized for web display and shown with responsive cropping.,2026-08-23,Creator or reusable license was not identified; credit the recorded source without implying permission.
salmonguru-02.jpg,,,,,Luxhabitat,,,source_credit,Resized for web display and shown with responsive cropping.,2026-08-23,Creator or reusable license was not identified; credit the recorded source without implying permission.
salmonguru-03.jpg,,,,,Salmon Guru Dubai,,,source_credit,Converted to JPEG and resized for web display; shown with responsive cropping.,2026-08-23,Creator or reusable license was not identified; credit the recorded source without implying permission.
salmonguru-04.jpg,,,,,Salmon Guru Dubai,,,source_credit,Converted to JPEG and resized for web display; shown with responsive cropping.,2026-08-23,Creator or reusable license was not identified; credit the recorded source without implying permission.
brunchandcake-01.jpg,,,,,Brunch & Cake,,,source_credit,Shown with responsive cropping.,2026-08-23,Creator or reusable license was not identified; credit the recorded source without implying permission.
brunchandcake-02.jpg,,,,,Brunch & Cake,,,source_credit,Shown with responsive cropping.,2026-08-23,Creator or reusable license was not identified; credit the recorded source without implying permission.
brunchandcake-03.jpg,,,,,Brunch & Cake,,,source_credit,Shown with responsive cropping.,2026-08-23,Creator or reusable license was not identified; credit the recorded source without implying permission.
brunchandcake-04.jpg,,,,,Brunch & Cake,,,source_credit,Shown with responsive cropping.,2026-08-23,Creator or reusable license was not identified; credit the recorded source without implying permission.
brassmonkey-01.jpg,Brass Monkey City Walk arcade floor,,,,Brass Monkey via City Walk,,,source_credit,Converted from WebP to JPEG for web display and shown with responsive cropping.,2026-08-27,Official venue gallery; creator or reusable license was not identified.
brassmonkey-02.jpg,Brass Monkey City Walk bowling lanes,,,,Brass Monkey via City Walk,,,source_credit,Converted from WebP to JPEG for web display and shown with responsive cropping.,2026-08-27,Official venue gallery; creator or reusable license was not identified.
brassmonkey-03.jpg,Brass Monkey City Walk bar,,,,Brass Monkey via City Walk,,,source_credit,Converted from WebP to JPEG for web display and shown with responsive cropping.,2026-08-27,Official venue gallery; creator or reusable license was not identified.
brassmonkey-04.jpg,Brass Monkey City Walk billiards room,,,,Brass Monkey via City Walk,,,source_credit,Converted from WebP to JPEG for web display and shown with responsive cropping.,2026-08-27,Official venue gallery; creator or reusable license was not identified.
triple777-01.jpg,Triple 777 guests on the bowling lane,,,,Triple 777 Dubai,,,source_credit,Re-encoded as JPEG for web display and shown with responsive cropping.,2026-08-27,Official venue gallery; creator or reusable license was not identified.
triple777-02.jpg,Triple 777 bowling lanes,,,,Triple 777 Dubai,,,source_credit,Resized and re-encoded as JPEG for web display and shown with responsive cropping.,2026-08-27,Official venue gallery; creator or reusable license was not identified.
triple777-03.jpg,Triple 777 arcade floor,,,,Triple 777 Dubai,,,source_credit,Re-encoded as JPEG for web display and shown with responsive cropping.,2026-08-27,Official venue gallery; creator or reusable license was not identified.
triple777-04.jpg,Triple 777 garden lounge,,,,Triple 777 Dubai,,,source_credit,Converted from PNG to JPEG for web display and shown with responsive cropping.,2026-08-27,Official venue gallery; creator or reusable license was not identified.
icon-google-maps.svg,Google Maps app mark,Google,organization,https://about.google/brand-resource-center/,Wikimedia Commons,Public-domain copyright status; trademark rules apply,https://commons.wikimedia.org/wiki/File:Google_Maps_icon_(2020).svg,trademark,,2026-08-13,Attribution records copyright provenance without implying trademark permission.
icon-instagram.svg,Instagram gradient glyph,"Meta Platforms, Inc.",organization,https://about.meta.com/brand/resources/instagram/instagram-brand/,Wikimedia Commons,Public-domain copyright status; trademark rules apply,https://commons.wikimedia.org/wiki/File:Instagram_Glyph_Gradient_RGB_logo.svg,trademark,,2026-08-13,Attribution records copyright provenance without implying trademark permission.
